frame,idx,time_min,rmin_Rs,vr_p50_km_s,vr_p95_km_s,vabs_p95_km_s,ares_p50_km_s2,ares_p95_km_s2,beta_p50,vA_p50_km_s
off0010,10,12.9405887,1.0720607433626306,841.4990540548098,985.903021995021,1018.9288945525382,-1401.4163351861177,-110.75325624244259,0.00031335234868955117,12607.952616872019
off0020,20,22.8948877,1.1325607718498785,818.7986051325809,1135.5471974894672,1174.4592143495117,-648.4709198481203,-51.039041970681346,0.0006761377939865702,8690.422101931556
off0030,30,32.8491867,1.2983843465037863,919.6656897127045,1324.4376837077828,1358.8156909627044,-418.0951581227636,-63.427010712549475,0.003177679609665652,3972.538822874558
off0040,40,42.803485699999996,1.429355886570609,801.0345754770141,1236.8725103305537,1275.8260736743175,-256.74054821102095,-17.079592705196916,0.004612360363278963,3277.4240736456763
off0050,50,52.7577847,1.429355886570609,822.6637208583825,1302.3144438575173,1340.4655700237265,-244.18594932388476,-23.082922113827834,0.004468160205654336,3310.938667602635
off0060,60,62.712083699999994,1.6524572738031775,987.5195730294109,1410.131519595158,1441.7621928534747,-34.44403250807665,-4.379139288725906,0.005985297157544608,2853.3199335835375
off0070,70,72.6663827,1.7269445710155735,1025.913644388333,1437.9026433292918,1467.2359589760504,-26.360110908927037,-3.517361203457829,0.006341231736460697,2717.681352576887
off0080,80,82.6206817,1.7484182195251945,999.0995618318511,1451.0769364024452,1483.4424846349468,-26.304283275366128,-3.3364901185339435,0.00683053482439088,2636.35226033394
off0090,90,92.5749807,1.7630218275235103,978.0857725611204,1461.8601452899595,1494.2996618271502,-26.28780845307338,-3.528540022902698,0.007323510212079699,2537.9236891634464
