frame,idx,time_code,it,n_line_samples,r_vmax_code,vmax_code,vr_at_vmax_code,beta_at_vmax,fres_at_vmax_code,ares_at_vmax_code,time_min,r_vmax_Rs,vmax_km_s,vr_at_vmax_km_s,ares_at_vmax_km_s2,theta_fixed_rad,phi_fixed_rad,theta_fixed_base_index,phi_fixed_base_index,onset_ref_r_Rs,onset_ref_frame_idx
off0000,-1.0,0.0,0.0,408.0,4.970827316316833,1.3662999233984987,1.3662999233984987,2.512448458367824,7.669959291445089e-05,0.4765062625760179,0.0,4.970827316316833,159.10405043202647,159.10405043202647,0.009290559579545051,0.49869791666666663,0.33463541666666663,95.0,64.0,1.0035605293689596,48.0
off0002,2.0,0.04,22481.0,408.0,4.970827316316833,1.3789280690953762,1.3762195983816194,2.6300619030226917,7.417484245995167e-05,0.46755950811387154,3.9817196,4.970827316316833,160.5745834353669,160.25918514421912,0.009116122511446978,0.49869791666666663,0.33463541666666663,95.0,64.0,1.0035605293689596,48.0
off0004,4.0,0.07,47710.0,408.0,4.970827316316833,1.3926518826959398,1.383521888406329,2.6959660743915377,7.680479915734668e-05,0.4894184954511166,6.9680093,4.970827316316833,162.17270570254274,161.10952839643184,0.009542312553750562,0.49869791666666663,0.33463541666666663,95.0,64.0,1.0035605293689596,48.0
off0006,6.0,0.09,67709.0,428.0,4.970827316316833,1.4042676928261664,1.3886490114374521,2.710101800150368,8.235663116129097e-05,0.525913481443989,8.958869099999998,4.970827316316833,163.52535339659474,161.7065759606928,0.010253864254851978,0.49869791666666663,0.33463541666666663,95.0,64.0,1.0035605293689596,48.0
off0008,8.0,0.11,87238.0,428.0,4.970827316316833,1.4179131190479155,1.3941857972830252,2.7027519642714695,9.32123891080531e-05,0.5946829083076943,10.949728899999998,4.970827316316833,165.11434754390572,162.3513282872641,0.011594678652703663,0.49869791666666663,0.33463541666666663,95.0,64.0,1.0035605293689596,48.0
off0010,10.0,0.13,106521.0,428.0,4.970827316316833,1.4338023022056898,1.4006815464765707,2.665170359168445,0.00010779500690845275,0.6818001737263146,12.9405887,4.970827316316833,166.964624598866,163.10775078980876,0.013293225363093669,0.49869791666666663,0.33463541666666663,95.0,64.0,1.0035605293689596,48.0
off0012,12.0,0.15,125631.0,428.0,4.970827316316833,1.4517783275971756,1.4083001313466497,2.6094868542604366,0.00012834757715816315,0.8004579394262947,14.931448499999998,4.970827316316833,169.0579120253487,163.99492621200645,0.015606724950385021,0.49869791666666663,0.33463541666666663,95.0,64.0,1.0035605293689596,48.0
off0014,14.0,0.17,144594.0,428.0,1.0042161491660884,6.427017998536058,6.305714428906167,0.005502705472952968,11.093153693371248,1214.6455362688655,16.9223083,1.0042161491660884,748.4188341481586,734.293173354756,23.682242205440208,0.49869791666666663,0.33463541666666663,95.0,64.0,1.0035605293689596,48.0
off0016,16.0,0.19,163513.0,428.0,3.3006768710501433,1.5665829472007275,1.1934297063998365,1.124834812437065,0.0044827781948090124,7.229118518446658,18.9131681,3.3006768710501433,182.42677758291902,138.97351302034537,0.14094789843922892,0.49869791666666663,0.33463541666666663,95.0,64.0,1.0035605293689596,48.0
off0018,18.0,0.21,182365.0,428.0,3.380390208960413,1.6861006909583134,1.2605849885802067,1.0508277112911393,0.004601788738125541,7.65838973888406,20.9040279,3.380390208960413,196.34448101294603,146.79366818527123,0.1493175048064096,0.49869791666666663,0.33463541666666663,95.0,64.0,1.0035605293689596,48.0
off0020,20.0,0.23,201150.0,428.0,3.441864860907362,1.8081279622115198,1.3226948404603707,0.9584459590349681,0.004496599679257701,7.564711232796553,22.8948877,3.441864860907362,210.5544160257947,154.0262888102415,0.14749103197597138,0.49869791666666663,0.33463541666666663,95.0,64.0,1.0035605293689596,48.0
off0022,22.0,0.25,219834.0,428.0,3.547645293566147,1.935173804652492,1.4042317809895135,0.9057651960741845,0.0044875019585567145,7.873402673017523,24.885747499999997,3.547645293566147,225.34875786592974,163.52117150463084,0.15350966476699576,0.49869791666666663,0.33463541666666663,95.0,64.0,1.0035605293689596,48.0
off0024,24.0,0.27,238468.0,428.0,3.6577251867738503,2.0709773142940784,1.490147805963152,0.8541724992610796,0.004455165149093306,8.142682316455842,26.8766073,3.6577251867738503,241.16291995203798,173.52599353252327,0.15875987608089898,0.49869791666666663,0.33463541666666663,95.0,64.0,1.0035605293689596,48.0
off0026,26.0,0.29,257062.0,428.0,3.7490019100379373,2.209878034534131,1.5715189986083058,0.7865525002626462,0.004275991033148654,8.006467730003187,28.867467099999995,3.7490019100379373,257.3377486405649,183.00157507696628,0.1561040668493475,0.49869791666666663,0.33463541666666663,95.0,64.0,1.0035605293689596,48.0
off0028,28.0,0.31,275604.0,428.0,1.0042161491660884,4.543815462707999,4.491629581917328,0.005215466374423147,-121.46699484183823,-13535.810822370333,30.858326899999998,1.0042161491660884,529.1220706024008,523.0450849662558,-263.9110265263729,0.49869791666666663,0.33463541666666663,95.0,64.0,1.0035605293689596,48.0
off0030,30.0,0.33,294208.0,428.0,3.9653288932405566,2.4755922098404746,1.7424329619599053,0.6873939527861048,0.0035637946180161004,7.204753634873695,32.8491867,3.9653288932405566,288.27985792743954,202.90430900744252,0.14047285032284207,0.49869791666666663,0.33463541666666663,95.0,64.0,1.0035605293689596,48.0
off0032,32.0,0.35000000000000003,312821.0,428.0,4.092385595046904,2.5946036362438845,1.8286950895137737,0.6566350726224671,0.0031650324430238575,6.754162596942867,34.8400465,4.092385595046904,302.1386012854693,212.94943428166945,0.1316875662401642,0.49869791666666663,0.33463541666666663,95.0,64.0,1.0035605293689596,48.0
off0034,34.0,0.37,331404.0,428.0,4.22460653435126,2.7028025570603456,1.9115184398799052,0.6332091815982769,0.002777600247547643,6.2852398705361106,36.8309063,4.22460653435126,314.73824083712293,222.59411791805942,0.12254486472700274,0.49869791666666663,0.33463541666666663,95.0,64.0,1.0035605293689596,48.0
off0036,36.0,0.39,349938.0,428.0,1.004874380994281,6.968385945749701,6.925451025087602,0.0027291155192337153,-66.30358076462032,-14717.942171422857,38.8217661,1.004874380994281,811.4605072835234,806.4607852859358,-286.95933164170884,0.49869791666666663,0.33463541666666663,95.0,64.0,1.0035605293689596,48.0
off0038,38.0,0.41000000000000003,368549.0,428.0,4.505389261551078,2.887560800626546,2.0678863015798767,0.6073291005896692,0.002099273172322831,5.3957291033252766,40.81262590000001,4.505389261551078,336.2531252330549,240.80297508609442,0.10520185493161584,0.49869791666666663,0.33463541666666663,95.0,64.0,1.0035605293689596,48.0
off0040,40.0,0.43,387173.0,428.0,4.6543967929127845,2.9633029299856046,2.14114222325887,0.6047197047832261,0.0018370749540689247,5.051535637163048,42.803485699999996,4.6543967929127845,345.0732088493942,249.3335426852406,0.09849103042537932,0.49869791666666663,0.33463541666666663,95.0,64.0,1.0035605293689596,48.0
off0042,42.0,0.45,405735.0,428.0,1.0055352457497868,7.895997410312913,7.877377921173714,0.0024147742451037695,-296.0006847320469,-72532.91429133381,44.7943455,1.0055352457497868,919.4797925895547,917.3115745517077,-1414.1920361312516,0.49869791666666663,0.33463541666666663,95.0,64.0,1.0035605293689596,48.0
off0044,44.0,0.47000000000000003,424378.0,428.0,4.970827316316833,3.094549077804048,2.2811156287259178,0.6185580417167449,0.0015867078358133408,5.016240028959799,46.7852053,4.970827316316833,360.35667140684933,265.6332843314064,0.0978028632874789,0.49869791666666663,0.33463541666666663,95.0,64.0,1.0035605293689596,48.0
off0046,46.0,0.49,443047.0,428.0,4.970827316316833,3.1140936916176227,2.2835577746654603,0.5546152424296863,0.0005008194509465196,1.5836002082383194,48.7760651,4.970827316316833,362.63261914615293,265.9176694097286,0.030875842019958636,0.49869791666666663,0.33463541666666663,95.0,64.0,1.0035605293689596,48.0
off0048,48.0,0.51,461625.0,428.0,1.0035605293689596,13.108527165692756,13.051053834549377,0.0028623303582110417,-27.60819531519377,-6351.37128291905,50.7669249,1.0035605293689596,1526.4728713972647,1519.7801682651534,-123.83424510891355,0.49869791666666663,0.33463541666666663,95.0,64.0,1.0035605293689596,48.0
off0050,50.0,0.53,480378.0,428.0,4.970827316316833,3.0342358021650426,2.24492116150536,0.4843858128625702,-0.00034771282370613213,-1.149276752013451,52.7577847,4.970827316316833,353.33326001330994,261.41848036384414,-0.022407730971350247,0.49869791666666663,0.33463541666666663,95.0,64.0,1.0035605293689596,48.0
off0052,52.0,0.55,499059.0,428.0,1.0082051816573743,5.848328762271999,5.833543327606339,0.00241884503898722,-169.83276230041386,-46244.56848142455,54.7486445,1.0082051816573743,681.0311399426208,679.3093931266998,-901.6417043175483,0.49869791666666663,0.33463541666666663,95.0,64.0,1.0035605293689596,48.0
off0054,54.0,0.5700000000000001,517736.0,448.0,4.970827316316833,2.8994804128708354,2.2052924439930335,0.4475086778197166,-0.00042851381506918656,-1.4950559797750014,56.73950430000001,4.970827316316833,337.6411503329381,256.80376191026,-0.029149473460779268,0.49869791666666663,0.33463541666666663,95.0,64.0,1.0035605293689596,48.0
off0056,56.0,0.59,536486.0,448.0,1.0095561905010033,5.681959492896073,-5.618595601220484,0.004528131745977062,30.915001154195565,5169.585205470744,58.73036409999999,1.0095561905010033,661.6576303845687,-654.278978271608,100.7926718388062,0.49869791666666663,0.33463541666666663,95.0,64.0,1.0035605293689596,48.0
off0058,58.0,0.61,555108.0,448.0,4.970827316316833,2.7813448178471916,2.1803332913458444,0.4126381548367855,-0.0002743884315612587,-1.0115144794946125,60.7212239,4.970827316316833,323.8843965290537,253.89729736794968,-0.019721746124623057,0.49869791666666663,0.33463541666666663,95.0,64.0,1.0035605293689596,48.0
off0060,60.0,0.63,573907.0,468.0,4.970827316316833,2.737278317108965,2.170496893030173,0.3941777411101567,-0.00027038933436765986,-1.0253446814830225,62.712083699999994,4.970827316316833,318.75290333656466,252.751860127645,-0.019991396967984153,0.49869791666666663,0.33463541666666663,95.0,64.0,1.0035605293689596,48.0
off0062,62.0,0.65,592558.0,468.0,1.0061987434326054,8.49524075042295,8.452346798725106,0.0032481765395183204,7.624933402740705,1497.4596509493451,64.7029435,1.0061987434326054,989.2609884845028,984.2660372755565,29.1963384277456,0.49869791666666663,0.33463541666666663,95.0,64.0,1.0035605293689596,48.0
off0064,64.0,0.67,611285.0,468.0,4.970827316316833,2.6452910283049342,2.138581396537227,0.3641880537708703,-0.0002590232456906219,-1.0442779822848696,66.6938033,4.970827316316833,308.0410896371407,249.0353373667081,-0.020360544181676744,0.49869791666666663,0.33463541666666663,95.0,64.0,1.0035605293689596,48.0
off0066,66.0,0.6900000000000001,630000.0,468.0,1.0095561905010033,3.095806152326328,3.0861129827037295,0.010204708885178345,-127.49277733959411,-8590.034125813367,68.68466310000001,1.0095561905010033,360.50305628528236,359.3742978611114,-167.482004128881,0.49869791666666663,0.33463541666666663,95.0,64.0,1.0035605293689596,48.0
off0068,68.0,0.71,648641.0,468.0,4.970827316316833,2.5315838057061173,2.074922523172317,0.3420321915626826,-0.00040390315616608836,-1.7531646503083977,70.67552289999999,4.970827316316833,294.8000146952289,241.62233497620548,-0.03418188157357953,0.49869791666666663,0.33463541666666663,95.0,64.0,1.0035605293689596,48.0
off0070,70.0,0.73,667418.0,468.0,4.970827316316833,2.4419321388881223,2.037804498163309,0.337255551821464,-0.0004358713343298585,-1.9592303066920058,72.6663827,4.970827316316833,284.3601814825872,237.2999837692458,-0.03819959426339869,0.49869791666666663,0.33463541666666663,95.0,64.0,1.0035605293689596,48.0
off0072,72.0,0.75,686137.0,468.0,4.970827316316833,2.3641868557309946,2.0098683181481554,0.3346418809916215,-0.00040609331892379943,-1.884111785252298,74.6572425,4.970827316316833,275.30683291654464,234.04684782311077,-0.03673499000995176,0.49869791666666663,0.33463541666666663,95.0,64.0,1.0035605293689596,48.0
off0074,74.0,0.77,704795.0,468.0,1.0042161491660884,5.997355338919413,5.915376596089759,0.004967903699747876,8.937588941693756,1081.058222612712,76.64810229999999,1.0042161491660884,698.3851129324202,688.8387828696326,21.0776575565745,0.49869791666666663,0.33463541666666663,95.0,64.0,1.0035605293689596,48.0
off0076,76.0,0.79,723552.0,468.0,4.970827316316833,2.260188920328255,1.982678781233275,0.33131293059529593,-0.00024242006388782843,-1.1853439587663126,78.6389621,4.970827316316833,263.1963932716482,230.88065760495698,-0.023110942155593128,0.49869791666666663,0.33463541666666663,95.0,64.0,1.0035605293689596,48.0
off0078,78.0,0.81,742313.0,508.0,4.970827316316833,2.221473950195725,1.9669968978830887,0.3265907814704257,-0.00022482024215773959,-1.1271463025422064,80.6298219,4.970827316316833,258.68807964668736,229.05452037352757,-0.021976248165178503,0.49869791666666663,0.33463541666666663,95.0,64.0,1.0035605293689596,48.0
off0080,80.0,0.8300000000000001,761057.0,508.0,4.970827316316833,2.168883158064013,1.9426446160755528,0.32248461290559527,-0.0002819115562549902,-1.4481643679540404,82.6206817,4.970827316316833,252.56394255183105,226.2187252406378,-0.028235216193627323,0.49869791666666663,0.33463541666666663,95.0,64.0,1.0035605293689596,48.0
off0082,82.0,0.85,779785.0,508.0,4.970827316316833,2.106792531903837,1.9172158580733512,0.31990013594540906,-0.0003376937120214017,-1.7818516388709766,84.61154149999999,4.970827316316833,245.3335607397818,223.2575756962957,-0.03474119883198775,0.49869791666666663,0.33463541666666663,95.0,64.0,1.0035605293689596,48.0
off0084,84.0,0.87,798481.0,508.0,1.004874380994281,4.311427905114256,4.266441081001532,0.005736805259853438,-2.7531784206232004,-289.68969802632404,86.60240129999998,1.004874380994281,502.06080751515503,496.8221437270434,-5.648151158694619,0.49869791666666663,0.33463541666666663,95.0,64.0,1.0035605293689596,48.0
off0086,86.0,0.89,817216.0,508.0,4.970827316316833,1.9690514017489174,1.8657097092063235,0.31929349487240755,-0.0003036874696028685,-1.7026424194089635,88.5932611,4.970827316316833,229.29376497940333,217.2597440587769,-0.03319683723496951,0.49869791666666663,0.33463541666666663,95.0,64.0,1.0035605293689596,48.0
off0088,88.0,0.91,835979.0,508.0,4.970827316316833,1.9093126025039984,1.8431474580788343,0.3204460391685216,-0.00023855667959674705,-1.3814014701359671,90.5841209,4.970827316316833,222.33725069945623,214.63239593427505,-0.026933523585163578,0.49869791666666663,0.33463541666666663,95.0,64.0,1.0035605293689596,48.0
off0090,90.0,0.93,854726.0,508.0,4.970827316316833,1.8637613713693784,1.8245479063237975,0.3218674643562238,-0.00017618912536981286,-1.0527643868625987,92.5749807,4.970827316316833,217.03286236453155,212.46649958182144,-0.020526005695066483,0.49869791666666663,0.33463541666666663,95.0,64.0,1.0035605293689596,48.0
off0092,92.0,0.9500000000000001,873461.0,508.0,4.970827316316833,1.8305449916272212,1.8089188672762753,0.32302719791564644,-0.0001296307554782095,-0.7978882152335522,94.5658405,4.970827316316833,213.1648532494318,210.64651600849598,-0.015556622406954412,0.49869791666666663,0.33463541666666663,95.0,64.0,1.0035605293689596,48.0
off0094,94.0,0.97,892185.0,508.0,4.970827316316833,1.8059753745678377,1.7949490004775208,0.32361993334341244,-9.888316794448309e-05,-0.6258835539304515,96.5567003,4.970827316316833,210.30374967710028,209.01974113014487,-0.012203005299894902,0.49869791666666663,0.33463541666666663,95.0,64.0,1.0035605293689596,48.0
off0096,96.0,0.99,910890.0,508.0,1.0061987434326054,2.2832699973906676,2.2493697547448823,0.009759519794290907,-4.771622920468797,-306.52484422474777,98.5475601,1.0061987434326054,265.88415807795025,261.936513916369,-5.976390137005749,0.49869791666666663,0.33463541666666663,95.0,64.0,1.0035605293689596,48.0
off0098,98.0,1.01,929572.0,508.0,1.0016092799727432,21.623841390394677,-3.9521594714787254,0.0031803979349434423,4395.051699144283,289755.97142018133,100.5384199,1.0016092799727432,2518.071392812373,-460.2244127347165,5649.443307324191,0.49869791666666663,0.33463541666666663,95.0,64.0,1.0035605293689596,48.0
off0100,100.0,1.03,948323.0,508.0,4.970827316316833,1.7620835973348605,1.7609925920969276,0.3221295985634482,-4.809839492140034e-05,-0.3283266913584211,102.52927969999999,4.970827316316833,205.19260283530244,205.06555653351685,-0.0064014661027328775,0.49869791666666663,0.33463541666666663,95.0,64.0,1.0035605293689596,48.0
off0102,102.0,1.05,967067.0,508.0,4.970827316316833,1.7537066492200757,1.7531808934877349,0.32093515584376536,-3.758583390872277e-05,-0.2619640993566127,104.5201395,4.970827316316833,204.21711688782025,204.15589323910248,-0.005107578355040407,0.49869791666666663,0.33463541666666663,95.0,64.0,1.0035605293689596,48.0
off0104,104.0,1.07,985802.0,508.0,4.970827316316833,1.747335073290061,1.7470470255015909,0.31945811553172837,-3.040147332122636e-05,-0.21584594487447326,106.51099930000001,4.970827316316833,203.47515421861436,203.44161138583019,-0.004208401375500446,0.49869791666666663,0.33463541666666663,95.0,64.0,1.0035605293689596,48.0
off0106,106.0,1.09,1004531.0,508.0,4.970827316316833,1.7421993536180134,1.741846045388857,0.31714842370269924,-2.9113287371178364e-05,-0.21043851161739352,108.5018591,4.970827316316833,202.8771055854316,202.8359632495893,-0.004102971321809813,0.49869791666666663,0.33463541666666663,95.0,64.0,1.0035605293689596,48.0
off0108,108.0,1.11,1023254.0,508.0,4.970827316316833,1.7372868380725996,1.7364955662366974,0.31390331370596647,-3.007740586357474e-05,-0.22147678728780965,110.4927189,4.970827316316833,202.3050488153913,202.21290612261294,-0.004318187292355601,0.49869791666666663,0.33463541666666663,95.0,64.0,1.0035605293689596,48.0
off0110,110.0,1.1300000000000001,1041967.0,508.0,4.970827316316833,1.7323085340605904,1.730667422823082,0.3098383848342852,-3.0664494766706984e-05,-0.23024477286735293,112.4835787,4.970827316316833,201.72533105428474,201.5342255432432,-0.004489138859663372,0.49869791666666663,0.33463541666666663,95.0,64.0,1.0035605293689596,48.0
off0112,112.0,1.1500000000000001,1060673.0,508.0,4.970827316316833,1.728005830996474,1.7250471223028694,0.3054795168445748,-2.5553912927327773e-05,-0.19572147256055183,114.4744385,4.970827316316833,201.2242862444421,200.8797480291211,-0.0038160295984147998,0.49869791666666663,0.33463541666666663,95.0,64.0,1.0035605293689596,48.0
off0114,114.0,1.17,1079369.0,508.0,1.0061987434326054,2.1113884127305416,2.090682225796853,0.008608828233754242,-6.622811998323041,-483.36287728362294,116.46529829999999,1.0061987434326054,245.86874576197866,243.45753417239,-9.424244679737889,0.49869791666666663,0.33463541666666663,95.0,64.0,1.0035605293689596,48.0
off0116,116.0,1.19,1098060.0,508.0,1.0042161491660884,4.626705894345911,4.569754216888847,0.004734509797095382,0.8125937946959417,101.49942711343164,118.4561581,1.0042161491660884,538.7745657755299,532.1426086136072,1.9789592476480635,0.49869791666666663,0.33463541666666663,95.0,64.0,1.0035605293689596,48.0
off0118,118.0,1.21,1116999.0,508.0,4.970827316316833,1.7236315262710207,1.715136034579006,0.2934357883956819,5.202563263552074e-06,0.04226015879904068,120.44701789999999,4.970827316316833,200.71490350370942,199.72561329336597,0.0008239566906025438,0.49869791666666663,0.33463541666666663,95.0,64.0,1.0035605293689596,48.0
off0120,120.0,1.23,1136054.0,508.0,4.970827316316833,1.7247235066314182,1.7144890831227393,0.28996327867869004,1.963954131704488e-05,0.1625357449368564,122.43787769999999,4.970827316316833,200.84206335738145,199.65027654236263,0.0031689993201310797,0.49869791666666663,0.33463541666666663,95.0,64.0,1.0035605293689596,48.0
off0122,122.0,1.25,1155099.0,508.0,4.970827316316833,1.7261628439259136,1.7150040767536185,0.28668748937662936,3.2927059486034986e-05,0.27699694477427517,124.42873749999998,4.970827316316833,201.00967252544936,199.7102469567763,0.0054006774325800295,0.49869791666666663,0.33463541666666663,95.0,64.0,1.0035605293689596,48.0
off0124,124.0,1.27,1174135.0,508.0,4.970827316316833,1.7285578440698388,1.7166566164769106,0.2834143324538879,4.245337172385865e-05,0.3620336440172961,126.41959729999999,4.970827316316833,201.28856753024155,199.90268330180777,0.00705865883348366,0.49869791666666663,0.33463541666666663,95.0,64.0,1.0035605293689596,48.0
off0126,126.0,1.29,1193151.0,528.0,4.970827316316833,1.7324277888957484,1.7187779416643851,0.28001922073467456,4.582814739418573e-05,0.39616783135424244,128.4104571,4.970827316316833,201.73921814231153,200.14970917352937,0.007724181463635159,0.49869791666666663,0.33463541666666663,95.0,64.0,1.0035605293689596,48.0
off0128,128.0,1.31,1212037.0,528.0,4.970827316316833,1.7357296840486593,1.719236348696131,0.2765385692230538,4.685772492779038e-05,0.41120385632283546,130.4013169,4.970827316316833,202.12372002504844,200.20309014373092,0.008017342533659827,0.49869791666666663,0.33463541666666663,95.0,64.0,1.0035605293689596,48.0
off0130,130.0,1.33,1230907.0,528.0,4.970827316316833,1.7361041341980832,1.7166067756929526,0.27305840657605596,4.81694981814151e-05,0.42845179196370126,132.3921767,4.970827316316833,202.1673243131245,199.89687939999337,0.00835362976906643,0.49869791666666663,0.33463541666666663,95.0,64.0,1.0035605293689596,48.0
off0132,132.0,1.35,1249767.0,528.0,4.970827316316833,1.7327563777777686,1.7100801196858717,0.2695829596969332,4.674987720345249e-05,0.4216163054020525,134.3830365,4.970827316316833,201.7774819386867,199.13685783465496,0.008220356609522077,0.49869791666666663,0.33463541666666663,95.0,64.0,1.0035605293689596,48.0
off0134,134.0,1.37,1268625.0,528.0,4.970827316316833,1.7274684011780017,1.7025116164261722,0.2663518910115911,4.074227503585612e-05,0.37360606778643757,136.3738963,4.970827316316833,201.16170316185713,198.25551435823073,0.0072842892206389604,0.49869791666666663,0.33463541666666663,95.0,64.0,1.0035605293689596,48.0
off0136,136.0,1.3900000000000001,1287474.0,528.0,4.970827316316833,1.7211268016088268,1.6963160964946589,0.26333797475543147,4.0636399654192005e-05,0.3795157490670646,138.3647561,4.970827316316833,200.42323120530162,197.5340532070186,0.007399511727342172,0.49869791666666663,0.33463541666666663,95.0,64.0,1.0035605293689596,48.0
off0138,138.0,1.41,1306313.0,528.0,1.0055352457497868,2.278700862291176,2.2479446255904896,0.009365412837004828,-7.858604846608179,-512.3285103855461,140.35561589999998,1.0055352457497868,265.35208756484354,261.77055926983087,-9.988994739134492,0.49869791666666663,0.33463541666666663,95.0,64.0,1.0035605293689596,48.0
off0140,140.0,1.43,1325149.0,528.0,1.0042161491660884,4.080988306625271,4.033298125991896,0.00541060399187819,-38.771071205042134,-4170.608913038159,142.34647569999998,1.0042161491660884,475.2263820192283,469.6729154818583,-81.31538582534624,0.49869791666666663,0.33463541666666663,95.0,64.0,1.0035605293689596,48.0
off0142,142.0,1.45,1343992.0,528.0,4.970827316316833,1.704657729554884,1.6897560799243425,0.25628935337178566,2.706572567032009e-05,0.26633235805175354,144.33733549999997,4.970827316316833,198.5054267571234,196.77014684256358,0.005192747367188694,0.49869791666666663,0.33463541666666663,95.0,64.0,1.0035605293689596,48.0
off0144,144.0,1.47,1362857.0,528.0,4.092385595046904,1.7022061446097194,1.6929044346021973,0.28968112984718963,0.00020120140767674875,1.1057039266218682,146.3281953,4.092385595046904,198.21994251748177,197.1367691140465,0.021558180897944795,0.49869791666666663,0.33463541666666663,95.0,64.0,1.0035605293689596,48.0
off0146,146.0,1.49,1381719.0,528.0,3.8432347260168074,1.7089405981853123,1.7018265230227865,0.31206017928578283,0.0003685257229042748,1.6082770920357559,148.31905509999999,3.8432347260168074,199.00416187003657,198.17573602147155,0.03135697328131539,0.49869791666666663,0.33463541666666663,95.0,64.0,1.0035605293689596,48.0
off0148,148.0,1.51,1400583.0,528.0,3.891489466375404,1.7231967706031797,1.7157245350302033,0.3119330366577224,0.00034741358251532697,1.5767610706286443,150.3099149,3.891489466375404,200.6642767075593,199.79414349223595,0.030742497675034612,0.49869791666666663,0.33463541666666663,95.0,64.0,1.0035605293689596,48.0
off0150,150.0,1.53,1419567.0,528.0,3.9405193708831217,1.7373617202826068,1.729506487205056,0.3115976186538337,0.00032602408419463223,1.539352345956135,152.3007747,3.9405193708831217,202.3137687623908,201.39903592934107,0.030013130586581498,0.49869791666666663,0.33463541666666663,95.0,64.0,1.0035605293689596,48.0
off0152,152.0,1.55,1438573.0,528.0,3.9903368917768507,1.7512279346945074,1.7430062394488925,0.31107850825332156,0.00030350438997584286,1.4911461819514091,154.2916345,3.9903368917768507,203.92847343982703,202.97106650991861,0.02907324317279168,0.49869791666666663,0.33463541666666663,95.0,64.0,1.0035605293689596,48.0
off0154,154.0,1.57,1457577.0,528.0,4.040954681326217,1.7645679384744355,1.7560493044189982,0.3104241357838573,0.00027965969117025517,1.4298694448987284,156.2824943,4.040954681326217,205.481901496008,204.48991638413224,0.02787851558757505,0.49869791666666663,0.33463541666666663,95.0,64.0,1.0035605293689596,48.0
off0156,156.0,1.59,1476578.0,528.0,4.092385595046904,1.7772261442786816,1.768520879029317,0.3096894383747874,0.0002550663604185036,1.357229788972256,158.27335409999998,4.092385595046904,206.9559349641855,205.94221686500418,0.02646224238357937,0.49869791666666663,0.33463541666666663,95.0,64.0,1.0035605293689596,48.0
off0158,158.0,1.61,1495579.0,528.0,4.144642694965601,1.789222365536025,1.7804651745231586,0.308902814613258,0.00022951282610561989,1.271048028394282,160.2642139,4.144642694965601,208.35288109529162,207.33311630083247,0.024781935440725662,0.49869791666666663,0.33463541666666663,95.0,64.0,1.0035605293689596,48.0
off0160,160.0,1.6300000000000001,1514577.0,528.0,4.1977392529373905,1.80072283780198,1.7920612049475655,0.3080843194709526,0.00020709221850081564,1.193694288390936,162.2550737,4.1977392529373905,209.6920978280594,208.68346067095217,0.02327375058221696,0.49869791666666663,0.33463541666666663,95.0,64.0,1.0035605293689596,48.0
off0162,162.0,1.6500000000000001,1533571.0,528.0,4.25168875401644,1.8118545702577171,1.8033662848129361,0.3072191236409796,0.000185829429245349,1.1149764831769562,164.2459335,4.25168875401644,210.98837523516633,209.99992418400282,0.021738970209430504,0.49869791666666663,0.33463541666666663,95.0,64.0,1.0035605293689596,48.0
off0164,164.0,1.67,1552567.0,528.0,4.306504899880823,1.822669597795911,1.8143711924985484,0.306326513854788,0.00016616284867673867,1.0379043521842082,166.2367933,4.306504899880823,212.2477727198566,211.2814329928859,0.020236275950933965,0.49869791666666663,0.33463541666666663,95.0,64.0,1.0035605293689596,48.0
off0166,166.0,1.69,1571562.0,528.0,4.362201612312372,1.8332423746235507,1.8251072787650005,0.3054166380502154,0.00014863931393768018,0.9665852700882676,168.22765309999997,4.362201612312372,213.47896038867177,212.53163785751866,0.018845750299101433,0.49869791666666663,0.33463541666666663,95.0,64.0,1.0035605293689596,48.0
off0168,168.0,1.71,1590553.0,528.0,4.418793036732421,1.8436175927936052,1.8355751485778045,0.3044953885548345,0.00013292108430731112,0.899887960314732,170.21851289999998,4.418793036732421,214.6871425796402,213.75060922543736,0.017545336476843323,0.49869791666666663,0.33463541666666663,95.0,64.0,1.0035605293689596,48.0
off0170,170.0,1.73,1609542.0,528.0,4.476293545794353,1.8538028835635705,1.8457637732269727,0.3035649751409043,0.00011903891441805989,0.8390230970364995,172.2093727,4.476293545794353,215.87320794389683,214.93706281608243,0.016358639295718506,0.49869791666666663,0.33463541666666663,95.0,64.0,1.0035605293689596,48.0
off0172,172.0,1.75,1628529.0,528.0,4.534717743033857,1.8639247182845229,1.8558059621579135,0.30264856937891926,0.0001072178040071955,0.786788866782465,174.20023249999997,4.534717743033857,217.05188392442483,216.10646413621288,0.015340215685411048,0.49869791666666663,0.33463541666666663,95.0,64.0,1.0035605293689596,48.0
off0174,174.0,1.77,1647517.0,528.0,4.594080466577815,1.8740801612100562,1.8657742481022803,0.3017691391183327,9.67060946281587e-05,0.7389566515727898,176.19109229999998,4.594080466577815,218.2344735416185,217.26725953878338,0.014407619243079475,0.49869791666666663,0.33463541666666663,95.0,64.0,1.0035605293689596,48.0
off0176,176.0,1.79,1666501.0,528.0,4.6543967929127845,1.8841503384702043,1.8755287276203652,0.3009120280363709,8.704537874100811e-05,0.6928574772969797,178.18195210000002,4.6543967929127845,219.4071340704084,218.40315742957972,0.013508812325281791,0.49869791666666663,0.33463541666666663,95.0,64.0,1.0035605293689596,48.0
off0178,178.0,1.81,1685482.0,528.0,4.684917334646457,1.8943121620156145,1.8854556004265666,0.30018165522070644,7.585646650061479e-05,0.6169875766711476,180.1728119,4.684917334646457,220.5904667034285,219.5591303199694,0.012029558247386003,0.49869791666666663,0.33463541666666663,95.0,64.0,1.0035605293689596,48.0
off0180,180.0,1.83,1704463.0,528.0,1.0061987434326054,1.9212693529268172,1.900816083368387,0.010627870394631412,-46.91603357537865,-2727.3956818177844,182.1636717,1.0061987434326054,223.7296004974006,221.3478408444908,-53.17670316007577,0.49869791666666663,0.33463541666666663,95.0,64.0,1.0035605293689596,48.0
