frame,it,time,time_log,dt_log,dt_pred,dt_ratio,angle_mode_used,theta_scale,phi_scale,gamma,level,block_id,i,j,k,i_global,j_global,k_global,r,theta,phi,theta_deg,phi_deg,rho,p,v_abs,b_abs,v_r,v_theta,v_phi,b_r,b_theta,b_phi,c_s,v_A,cf_r,cf_th,cf_ph,cf_max,dr,r_dtheta,r_sintheta_dphi,shell_index,theta_bin,phi_bin,C_r,C_th,C_ph,C_sum,dominant_direction,dominant_physics,nleafs,n1_log,n2_log,rank
amr_probe0000,0,0.0,0.0,6.05286566e-06,1.2116917379826406e-05,2.001848060151133,radian,1.0,1.0,1.05,1,209,0,9,10,0,41,74,1.000642683695185,1.3580843242080876,2.438006798879579,77.8125,139.6875,0.09964799512844433,0.20025715916823877,0.13929410406362597,15.470084536419757,0.13929410406362597,0.0,0.0,15.286045885506882,2.360194438297589,0.29966475198281695,1.4526279373453816,49.00703233913629,49.00754195881191,49.028055980028434,49.02854837282184,49.02854837282184,0.0012853673903698848,0.03274595524963735,0.032007926089723915,0,41,74,38235.633198017225,1497.2247902455495,1531.762733873669,41264.620722136446,radial,geometry,2160,1468,5536,1
amr_probe0000,0,0.0,0.0,6.05286566e-06,1.2127788092385628e-05,2.0036440214643108,radian,1.0,1.0,1.05,1,209,0,9,9,0,41,73,1.000642683695185,1.3580843242080876,2.405281875404685,77.8125,137.81249999999997,0.09964799512844433,0.20025715916823877,0.13929410406362597,15.456169561365826,0.13929410406362597,0.0,0.0,15.258436947812099,2.451860626067236,-0.2483120812108223,1.4526279373453816,48.962951672940775,48.963499951136505,48.98395359422446,48.98448958906227,48.98448958906227,0.0012853673903698848,0.03274595524963735,0.032007926089724345,0,41,73,38201.36905843708,1495.8779861756188,1530.3862378258862,41227.63328243858,radial,geometry,2160,1468,5536,2
amr_probe0000,0,0.0,0.0,6.05286566e-06,1.2156357558793258e-05,2.0083640116330055,radian,1.0,1.0,1.05,1,209,0,8,9,0,40,73,1.000642683695185,1.325359400733194,2.405281875404685,75.9375,137.81249999999997,0.09964799512844433,0.20025715916823877,0.13929410406362597,15.415503910436911,0.13929410406362597,0.0,0.0,15.413793539236206,0.20315155328673307,-0.10704666689390335,1.4526279373453816,48.834128661956335,48.83413346015516,48.85572519116702,48.855727897919905,48.855727897919905,0.0012853673903698848,0.03274595524963713,0.031764600007858176,0,40,73,38100.72352164303,1491.9621314668598,1538.0558195549004,41130.74147266479,radial,geometry,2160,1468,5536,3
amr_probe0000,0,0.0,0.0,6.05286566e-06,1.2159788254803605e-05,2.008930800358058,radian,1.0,1.0,1.05,1,209,0,8,10,0,40,74,1.000642683695185,1.325359400733194,2.438006798879579,75.9375,139.6875,0.09964799512844433,0.20025715916823877,0.13929410406362597,15.411140046758794,0.13929410406362597,0.0,0.0,15.40581816087393,0.060316589287825205,0.4004575432630964,1.4526279373453816,48.82030456113171,48.82031949761756,48.8419106206086,48.84189637832504,48.8419106206086,0.0012853673903698848,0.03274595524963713,0.031764600007857746,0,40,74,38089.97642891211,1491.5402604158214,1537.620381375582,41119.13707070351,radial,geometry,2160,1468,5536,4
amr_probe0000,0,0.0,0.0,6.05286566e-06,1.2163465059528873e-05,2.009538248950477,radian,1.0,1.0,1.05,1,209,0,9,11,0,41,75,1.000642683695185,1.3580843242080876,2.4707317223544725,77.8125,141.56249999999997,0.09964799512844433,0.20025715916823877,0.13929410406362597,15.410712512219536,0.13929410406362597,0.0,0.0,15.215040834361348,2.303879400679301,0.827485498436122,1.4526279373453816,48.81895019238588,48.819495990720114,48.840074791280195,48.840494952943146,48.840494952943146,0.0012853673903698848,0.03274595524963735,0.032007926089724345,0,41,75,38089.33575068765,1491.4841976344874,1525.8875197360144,41106.70746805816,radial,geometry,2160,1468,5536,5
amr_probe0000,0,0.0,0.0,6.05286566e-06,1.2193817318442809e-05,2.0145527760553024,radian,1.0,1.0,1.05,1,209,0,9,8,0,41,72,1.000642683695185,1.3580843242080876,2.3725569519297913,77.8125,135.93749999999997,0.09964799512844433,0.20025715916823877,0.13929410406362597,15.372213698004522,0.13929410406362597,0.0,0.0,15.132828134881105,2.574275241947596,-0.8219328415171174,1.4526279373453816,48.696991412599516,48.69766152102632,48.71804568799178,48.71859063288041,48.71859063288041,0.0012853673903698848,0.03274595524963735,0.032007926089723915,0,41,72,37994.550033696076,1487.7576579028432,1522.078953079107,41004.38664467803,radial,geometry,2160,1468,5536,6
amr_probe0000,0,0.0,0.0,6.05286566e-06,1.2201432127504012e-05,2.015810826289512,radian,1.0,1.0,1.05,1,209,0,8,8,0,40,72,1.000642683695185,1.325359400733194,2.3725569519297913,75.9375,135.93749999999997,0.09964799512844433,0.20025715916823877,0.13929410406362597,15.35838821877926,0.13929410406362597,0.0,0.0,15.339649563960771,0.39553871179041644,-0.6471391358053029,1.4526279373453816,48.65319425648822,48.65324718763562,48.674860461606066,48.67483637595517,48.674860461606066,0.0012853673903698848,0.03274595524963713,0.031764600007857746,0,40,72,37959.99622929474,1486.4388621597914,1532.3610674749332,40978.796158929465,radial,geometry,2160,1468,5536,7
amr_probe0000,0,0.0,0.0,6.05286566e-06,1.221383262726205e-05,2.017859525278486,radian,1.0,1.0,1.05,1,209,0,8,11,0,40,75,1.000642683695185,1.325359400733194,2.4707317223544725,75.9375,141.56249999999997,0.09964799512844433,0.20025715916823877,0.13929410406362597,15.342747295481693,0.13929410406362597,0.0,0.0,15.317210909214989,-0.027801992230427883,0.8844046499562056,1.4526279373453816,48.60364603119874,48.60371829505991,48.62534862114471,48.62527666029291,48.62534862114471,0.0012853673903698848,0.03274595524963713,0.031764600007858176,0,40,75,37921.46336083488,1484.926863499685,1530.8008490037214,40937.19107333829,radial,geometry,2160,1468,5536,8
amr_probe0000,0,0.0,0.0,6.05286566e-06,1.2272436496346655e-05,2.0275415292046404,radian,1.0,1.0,1.05,1,209,0,9,12,0,41,76,1.000642683695185,1.3580843242080876,2.5034566458293663,77.8125,143.4375,0.09964799512844433,0.20025715916823877,0.13929410406362597,15.273472347717876,0.13929410406362597,0.0,0.0,15.042361034192238,2.28392525414655,1.3379153586790244,1.4526279373453816,48.38419282799478,48.38484831993474,48.40550692680994,48.4058267813231,48.4058267813231,0.0012853673903698848,0.03274595524963735,0.032007926089724345,0,41,76,37751.18521564078,1478.2133108590872,1512.3075030113573,40741.70602951122,radial,geometry,2160,1468,5536,9
amr_probe0000,0,0.0,0.0,6.05286566e-06,1.22843224702741e-05,2.0295052228656436,radian,1.0,1.0,1.05,1,209,1,9,10,1,41,74,1.0019331925551165,1.3580843242080876,2.438006798879579,77.8125,139.6875,0.09894605119598669,0.19877622910543555,0.13992114576698692,15.319089234461407,0.13992114576698692,0.0,0.0,15.136310489720396,2.340421234675948,0.2983758979032771,1.4523712384325083,48.70053280069223,48.70104695162557,48.72167982139829,48.72217644730768,48.72217644730768,0.00129565032949297,0.03278818705332229,0.03204920607195922,1,41,74,37696.102864810455,1485.9522346314518,1520.2303713206838,40702.285470762596,radial,geometry,2160,1468,5536,10
amr_probe0001,1,1e-06,nan,nan,1.2117507148712753e-05,nan,radian,1.0,1.0,1.05,1,209,0,9,10,0,41,74,1.000642683695185,1.3580843242080876,2.438006798879579,77.8125,139.6875,0.09964274048136999,0.20024607037950554,0.14062577838098564,15.468514032521883,0.14061501197845347,0.0017358438390984198,0.0001216458948655589,15.28450552705186,2.359880679612579,0.299633686088265,1.4526260192981053,49.00334924722071,49.00385887236342,49.024374443577706,49.0248668405662,49.0248668405662,0.0012853673903698848,0.03274595524963735,0.032007926089723915,0,41,74,38233.79545220902,1497.1653724458,1531.6515149727381,41262.61233962756,radial,geometry,2160,,,1
amr_probe0001,1,1e-06,nan,nan,1.2128367935392978e-05,nan,radian,1.0,1.0,1.05,1,209,0,9,9,0,41,73,1.000642683695185,1.3580843242080876,2.405281875404685,77.8125,137.81249999999997,0.09964273966801156,0.20024606867255984,0.14054896803553293,15.454632366285642,0.1405350703694535,0.001956282070019242,-0.00028173137655081735,15.256933184038383,2.4515325517377557,-0.24827312098232399,1.4526260190355476,48.95937313895741,48.95992141791697,48.98037657647088,48.98091257239631,48.98091257239631,0.0012853673903698848,0.03274595524963735,0.032007926089724345,0,41,73,38199.550460166094,1495.8284919504176,1530.2832856608454,41225.66223777735,radial,geometry,2160,,,2
amr_probe0001,1,1e-06,nan,nan,1.2156905211018647e-05,nan,radian,1.0,1.0,1.05,1,209,0,8,9,0,40,73,1.000642683695185,1.325359400733194,2.405281875404685,75.9375,137.81249999999997,0.09964274422924808,0.20024607827779395,0.1407722209417795,15.413968604963532,0.1407722100080138,2.799241708205143e-06,-5.541213846108959e-05,15.412257671241678,0.20319051906635202,-0.10702916899142119,1.452626020627081,48.83055159929226,48.8305563998867,48.85214965068056,48.85215235994154,48.85215235994154,0.0012853673903698848,0.03274595524963713,0.031764600007858176,0,40,73,38099.09056102819,1491.8530266562802,1537.9450004090893,41128.88858809356,radial,geometry,2160,,,3
amr_probe0001,1,1e-06,nan,nan,1.2160341294897775e-05,nan,radian,1.0,1.0,1.05,1,209,0,8,10,0,40,74,1.000642683695185,1.325359400733194,2.438006798879579,75.9375,139.6875,0.0996427442657436,0.20024607835392455,0.14079009467527395,15.409590570469891,0.14078991175044453,-6.874506505600261e-05,0.00021629167963106198,15.40426909171617,0.060379343301688336,0.40041183101270483,1.4526260206371924,48.81668223297115,48.81669717088693,48.83828983720218,48.83827559505378,48.83828983720218,0.0012853673903698848,0.03274595524963713,0.031764600007857746,0,40,74,38088.32202328479,1491.4317878330464,1537.51320257935,41117.26701369719,radial,geometry,2160,,,4
amr_probe0001,1,1e-06,nan,nan,1.2164048735984855e-05,nan,radian,1.0,1.0,1.05,1,209,0,9,11,0,41,75,1.000642683695185,1.3580843242080876,2.4707317223544725,77.8125,141.56249999999997,0.0996427394910551,0.20024606829934588,0.1406249760892925,15.409151670615076,0.1406138407526734,0.001615479962259334,0.000722435732386744,15.213511142086109,2.30357713403991,0.8273852338358859,1.4526260189717284,48.815292993452346,48.81583879989534,48.836419147440324,48.83683931299871,48.83683931299871,0.0012853673903698848,0.03274595524963735,0.032007926089724345,0,41,75,38087.51724015654,1491.4218948596238,1525.7958798027107,41104.73501481888,radial,geometry,2160,,,5
amr_probe0001,1,1e-06,nan,nan,1.219438740849773e-05,nan,radian,1.0,1.0,1.05,1,209,0,9,8,0,41,72,1.000642683695185,1.3580843242080876,2.3725569519297913,77.8125,135.93749999999997,0.09964273728406794,0.20024606366501901,0.1403947462866227,15.370735060525087,0.1403736252552332,0.0022490458896727897,-0.000933761304973605,15.131391367756091,2.5739263106357337,-0.8218241442478751,1.4526260182496575,48.69359195448873,48.694262055663025,48.71464769133438,48.715192629420294,48.715192629420294,0.0012853673903698848,0.03274595524963735,0.032007926089723915,0,41,72,37992.74514570136,1487.7225711032988,1522.0019645810632,41002.46968138572,radial,geometry,2160,,,6
amr_probe0001,1,1e-06,nan,nan,1.2201956750193304e-05,nan,radian,1.0,1.0,1.05,1,209,0,8,8,0,40,72,1.000642683695185,1.325359400733194,2.3725569519297913,75.9375,135.93749999999997,0.09964274260232443,0.2002460748658322,0.14071069127595384,15.356898544085961,0.1407090670793853,0.00010381848221435752,-0.0006680589259859164,15.338161471102163,0.3955426427523363,-0.6470561007448974,1.4526260201104715,48.64975737932391,48.64981031474294,48.67142505412222,48.67140097231904,48.67142505412222,0.0012853673903698848,0.03274595524963713,0.031764600007857746,0,40,72,37958.42320831096,1486.3371216860066,1532.2739470733084,40977.03427707027,radial,geometry,2160,,,7
amr_probe0001,1,1e-06,nan,nan,1.2214379476577754e-05,nan,radian,1.0,1.0,1.05,1,209,0,8,11,0,40,75,1.000642683695185,1.325359400733194,2.4707317223544725,75.9375,141.56249999999997,0.09964274294829442,0.2002460755895509,0.14075942918907505,15.341215663010386,0.14075706149695102,-0.00010773306882337298,0.0008092823757253249,15.31568301907946,-0.027720986932269355,0.8842981538823815,1.452626020213639,48.6000748439577,48.60014710957341,48.62177897104609,48.6217070076767,48.62177897104609,0.0012853673903698848,0.03274595524963713,0.031764600007858176,0,40,75,37919.82318537301,1484.8211430525823,1530.7139481694655,40935.35827659506,radial,geometry,2160,,,8
amr_probe0001,1,1e-06,nan,nan,1.2273047399032123e-05,nan,radian,1.0,1.0,1.05,1,209,0,9,12,0,41,76,1.000642683695185,1.3580843242080876,2.5034566458293663,77.8125,143.4375,0.09964273722739658,0.20024606352612717,0.14053870319121667,15.271913988338554,0.14052368434986381,0.0016036239835187048,0.0012843759294774012,15.040838707677604,2.283629857127191,1.3377453092704665,1.4526260181589699,48.38053257670777,48.381188081537545,48.40184825769242,48.40216811727675,48.40216811727675,0.0012853673903698848,0.03274595524963735,0.032007926089724345,0,41,76,37749.29419356478,1478.1505536385898,1512.2333248809089,40739.67807208428,radial,geometry,2160,,,9
amr_probe0001,1,1e-06,nan,nan,1.228420335095888e-05,nan,radian,1.0,1.0,1.05,1,209,1,9,10,1,41,74,1.0019331925551165,1.3580843242080876,2.438006798879579,77.8125,139.6875,0.09894604802951194,0.1987762205047196,0.13614053149429683,15.320320217431675,0.13612917474101077,-0.0017490246943295332,-0.00018169342201879954,15.137529450890154,2.3405941016934992,0.29838387891532353,1.452371230251083,48.70444696713422,48.70496106921845,48.72559229533083,48.72608887575028,48.72608887575028,0.00129565032949297,0.03278818705332229,0.03204920607195922,1,41,74,37696.19713914059,1486.1249034837326,1520.3581161969664,40702.680158821284,radial,geometry,2160,,,10
