frame,quantity,selector,shell_index,shell_radius,selector_value,shell_max,shell_count,shell_mean
amr_probe0000,vabs,mean,599,19.917192575699225,3.337379096988911,3.337379096988904,18432.0,
amr_probe0000,vabs,max,599,19.917192575699225,3.337379096988904,,18432.0,3.337379096988911
amr_probe0000,cs,mean,0,1.000642683695185,1.4526279373453725,1.4526279373453816,18432.0,
amr_probe0000,cs,max,0,1.000642683695185,1.4526279373453816,,18432.0,1.4526279373453725
amr_probe0000,va,mean,0,1.000642683695185,9.94693901701246,49.00703233913629,18432.0,
amr_probe0000,va,max,0,1.000642683695185,49.00703233913629,,18432.0,9.94693901701246
amr_probe0000,cfmax,mean,0,1.000642683695185,10.100004593074168,49.02854837282184,18432.0,
amr_probe0000,cfmax,max,0,1.000642683695185,49.02854837282184,,18432.0,10.100004593074168
amr_probe0001,vabs,mean,599,19.917192575699225,3.3373790579172518,3.3373790687137403,18432.0,
amr_probe0001,vabs,max,599,19.917192575699225,3.3373790687137403,,18432.0,3.3373790579172518
amr_probe0001,cs,mean,0,1.000642683695185,1.4526259718687775,1.4526260228560792,18432.0,
amr_probe0001,cs,max,0,1.000642683695185,1.4526260228560792,,18432.0,1.4526259718687775
amr_probe0001,va,mean,0,1.000642683695185,9.946234137670377,49.00334924722071,18432.0,
amr_probe0001,va,max,0,1.000642683695185,49.00334924722071,,18432.0,9.946234137670377
amr_probe0001,cfmax,mean,0,1.000642683695185,10.09930801099294,49.0248668405662,18432.0,
amr_probe0001,cfmax,max,0,1.000642683695185,49.0248668405662,,18432.0,10.09930801099294
