frame,it,time,level,block_id,r,theta,phi,shell_index,theta_bin,phi_bin,rho,p,v_abs,b_abs,v_r,v_theta,v_phi,b_r,b_theta,b_phi
amr_probe0000,0,0.0,1,1602,19.917192575699225,0.08072916666666666,0.08072916666666666,599,15,15,1.049778228909211e-05,1.3345919388380513e-05,3.337379096988904,0.0032533269427944705,3.337379096988904,0.0,0.0,0.0032533269427944705,0.0,0.0
amr_probe0000,0,0.0,1,1602,19.917192575699225,0.028645833333333332,0.0703125,599,5,13,1.049778228909211e-05,1.3345919388380513e-05,3.337379096988904,0.0025461868348337227,3.337379096988904,0.0,0.0,0.0025461868348337227,0.0,0.0
amr_probe0000,0,0.0,1,1602,19.917192575699225,0.0234375,0.0546875,599,4,10,1.049778228909211e-05,1.3345919388380513e-05,3.337379096988904,0.002479495400970073,3.337379096988904,0.0,0.0,0.002479495400970073,0.0,0.0
amr_probe0000,0,0.0,1,1602,19.917192575699225,0.0234375,0.04427083333333333,599,4,8,1.049778228909211e-05,1.3345919388380513e-05,3.337379096988904,0.0024590996808701074,3.337379096988904,0.0,0.0,0.0024590996808701074,0.0,0.0
amr_probe0000,0,0.0,1,1602,19.917192575699225,0.0234375,0.0390625,599,4,7,1.049778228909211e-05,1.3345919388380513e-05,3.337379096988904,0.00244863568755999,3.337379096988904,0.0,0.0,0.00244863568755999,0.0,0.0
amr_probe0000,0,0.0,1,1602,19.917192575699225,0.0234375,0.0703125,599,4,13,1.049778228909211e-05,1.3345919388380513e-05,3.337379096988904,0.002508665299606219,3.337379096988904,0.0,0.0,0.002508665299606219,0.0,0.0
amr_probe0000,0,0.0,1,1602,19.917192575699225,0.0234375,0.049479166666666664,599,4,9,1.049778228909211e-05,1.3345919388380513e-05,3.337379096988904,0.002469388524889019,3.337379096988904,0.0,0.0,0.002469388524889019,0.0,0.0
amr_probe0000,0,0.0,1,1602,19.917192575699225,0.0234375,0.08072916666666666,599,4,15,1.049778228909211e-05,1.3345919388380513e-05,3.337379096988904,0.002527104458869704,3.337379096988904,0.0,0.0,0.002527104458869704,0.0,0.0
amr_probe0000,0,0.0,1,1602,19.917192575699225,0.028645833333333332,0.0026041666666666665,599,5,0,1.049778228909211e-05,1.3345919388380513e-05,3.337379096988904,0.002380475452754735,3.337379096988904,0.0,0.0,0.002380475452754735,0.0,0.0
amr_probe0000,0,0.0,1,1602,19.917192575699225,0.0234375,0.033854166666666664,599,4,6,1.049778228909211e-05,1.3345919388380513e-05,3.337379096988904,0.002438003994830855,3.337379096988904,0.0,0.0,0.002438003994830855,0.0,0.0
amr_probe0000,0,0.0,1,1602,19.917192575699225,0.0234375,0.028645833333333332,599,4,5,1.049778228909211e-05,1.3345919388380513e-05,3.337379096988904,0.0024272126898425292,3.337379096988904,0.0,0.0,0.0024272126898425292,0.0,0.0
amr_probe0000,0,0.0,1,1602,19.917192575699225,0.0234375,0.0234375,599,4,4,1.049778228909211e-05,1.3345919388380513e-05,3.337379096988904,0.0024162705003524824,3.337379096988904,0.0,0.0,0.0024162705003524824,0.0,0.0
amr_probe0000,0,0.0,1,1602,19.917192575699225,0.0234375,0.018229166666666664,599,4,3,1.049778228909211e-05,1.3345919388380513e-05,3.337379096988904,0.002405186795272233,3.337379096988904,0.0,0.0,0.002405186795272233,0.0,0.0
amr_probe0000,0,0.0,1,1602,19.917192575699225,0.0234375,0.013020833333333332,599,4,2,1.049778228909211e-05,1.3345919388380513e-05,3.337379096988904,0.0023939715824763882,3.337379096988904,0.0,0.0,0.0023939715824763882,0.0,0.0
amr_probe0000,0,0.0,1,1602,19.917192575699225,0.0234375,0.07552083333333333,599,4,14,1.049778228909211e-05,1.3345919388380513e-05,3.337379096988904,0.002517988376938238,3.337379096988904,0.0,0.0,0.002517988376938238,0.0,0.0
amr_probe0000,0,0.0,1,1602,19.917192575699225,0.0234375,0.0078125,599,4,1,1.049778228909211e-05,1.3345919388380513e-05,3.337379096988904,0.0023826355038772014,3.337379096988904,0.0,0.0,0.0023826355038772014,0.0,0.0
amr_probe0000,0,0.0,1,1602,19.917192575699225,0.028645833333333332,0.07552083333333333,599,5,14,1.049778228909211e-05,1.3345919388380513e-05,3.337379096988904,0.0025571549680016036,3.337379096988904,0.0,0.0,0.0025571549680016036,0.0,0.0
amr_probe0000,0,0.0,1,1602,19.917192575699225,0.028645833333333332,0.0078125,599,5,1,1.049778228909211e-05,1.3345919388380513e-05,3.337379096988904,0.002394527355393287,3.337379096988904,0.0,0.0,0.002394527355393287,0.0,0.0
amr_probe0000,0,0.0,1,1602,19.917192575699225,0.028645833333333332,0.013020833333333332,599,5,2,1.049778228909211e-05,1.3345919388380513e-05,3.337379096988904,0.0024084031740297146,3.337379096988904,0.0,0.0,0.0024084031740297146,0.0,0.0
amr_probe0000,0,0.0,1,1602,19.917192575699225,0.028645833333333332,0.018229166666666664,599,5,3,1.049778228909211e-05,1.3345919388380513e-05,3.337379096988904,0.0024220892504393295,3.337379096988904,0.0,0.0,0.0024220892504393295,0.0,0.0
amr_probe0000,0,0.0,1,1602,19.917192575699225,0.028645833333333332,0.0234375,599,5,4,1.049778228909211e-05,1.3345919388380513e-05,3.337379096988904,0.002435572865189614,3.337379096988904,0.0,0.0,0.002435572865189614,0.0,0.0
amr_probe0000,0,0.0,1,1602,19.917192575699225,0.028645833333333332,0.028645833333333332,599,5,5,1.049778228909211e-05,1.3345919388380513e-05,3.337379096988904,0.0024488422474928232,3.337379096988904,0.0,0.0,0.0024488422474928232,0.0,0.0
amr_probe0000,0,0.0,1,1602,19.917192575699225,0.028645833333333332,0.033854166666666664,599,5,6,1.049778228909211e-05,1.3345919388380513e-05,3.337379096988904,0.0024618865813544936,3.337379096988904,0.0,0.0,0.0024618865813544936,0.0,0.0
amr_probe0000,0,0.0,1,1602,19.917192575699225,0.028645833333333332,0.0390625,599,5,7,1.049778228909211e-05,1.3345919388380513e-05,3.337379096988904,0.0024746960079557326,3.337379096988904,0.0,0.0,0.0024746960079557326,0.0,0.0
amr_probe0000,0,0.0,1,1602,19.917192575699225,0.028645833333333332,0.04427083333333333,599,5,8,1.049778228909211e-05,1.3345919388380513e-05,3.337379096988904,0.002487261624204564,3.337379096988904,0.0,0.0,0.002487261624204564,0.0,0.0
amr_probe0000,0,0.0,1,1602,19.917192575699225,0.028645833333333332,0.049479166666666664,599,5,9,1.049778228909211e-05,1.3345919388380513e-05,3.337379096988904,0.002499575477391065,3.337379096988904,0.0,0.0,0.002499575477391065,0.0,0.0
amr_probe0000,0,0.0,1,1602,19.917192575699225,0.028645833333333332,0.0546875,599,5,10,1.049778228909211e-05,1.3345919388380513e-05,3.337379096988904,0.0025116305558833866,3.337379096988904,0.0,0.0,0.0025116305558833866,0.0,0.0
amr_probe0000,0,0.0,1,1602,19.917192575699225,0.028645833333333332,0.05989583333333333,599,5,11,1.049778228909211e-05,1.3345919388380513e-05,3.337379096988904,0.002523420775807329,3.337379096988904,0.0,0.0,0.002523420775807329,0.0,0.0
amr_probe0000,0,0.0,1,1602,19.917192575699225,0.028645833333333332,0.06510416666666666,599,5,12,1.049778228909211e-05,1.3345919388380513e-05,3.337379096988904,0.0025349409636615163,3.337379096988904,0.0,0.0,0.0025349409636615163,0.0,0.0
amr_probe0000,0,0.0,1,1602,19.917192575699225,0.0234375,0.05989583333333333,599,4,11,1.049778228909211e-05,1.3345919388380513e-05,3.337379096988904,0.0024894141128883494,3.337379096988904,0.0,0.0,0.0024894141128883494,0.0,0.0
amr_probe0001,1,1e-06,1,1754,19.917192575699225,0.2109375,0.3828125,599,40,73,1.0497781226283884e-05,1.3345917985272755e-05,3.3373790687137403,0.007963793806933073,3.3373790687137403,-2.827982152147939e-10,-2.9383046889627706e-09,0.007963793806933073,2.9975228679725503e-18,3.338616119042598e-17
amr_probe0001,1,1e-06,1,1754,19.917192575699225,0.2109375,0.3880208333333333,599,40,74,1.049778122628388e-05,1.334591798527275e-05,3.3373790687099594,0.007962638211195914,3.3373790687099594,-5.64896779965363e-10,5.592650407626724e-09,0.007962638211195914,6.221637039767025e-18,-6.393863293486117e-17
amr_probe0001,1,1e-06,1,1754,19.917192575699225,0.21614583333333331,0.3828125,599,41,73,1.0497781226283862e-05,1.3345917985272726e-05,3.3373790686741103,0.007951673119551285,3.3373790686741103,2.582230451429631e-08,-3.0565756006710044e-09,0.007951673119551285,-2.951185426333791e-16,3.479724637318882e-17
amr_probe0001,1,1e-06,1,1754,19.917192575699225,0.21614583333333331,0.3880208333333333,599,41,74,1.0497781226283862e-05,1.3345917985272726e-05,3.337379068672074,0.007951049687872387,3.337379068672074,2.5037002750377583e-08,4.486218974228747e-09,0.007951049687872387,-2.8616707542341715e-16,-5.1395074903906295e-17
amr_probe0001,1,1e-06,1,1754,19.917192575699225,0.20572916666666666,0.3828125,599,39,73,1.0497781226283836e-05,1.3345917985272694e-05,3.33737906866894,0.007950090032928759,3.33737906866894,-2.8547532566395267e-08,-2.69260692948857e-09,0.007950090032928759,3.265178942962013e-16,3.0604881343068974e-17
amr_probe0001,1,1e-06,1,1754,19.917192575699225,0.2109375,0.37760416666666663,599,40,72,1.0497781226283804e-05,1.3345917985272655e-05,3.3373790686640015,0.007948577682529247,3.3373790686640015,-2.4298796257368933e-11,-2.8893303464783512e-08,0.007948577682529247,3.9797764739222675e-20,3.305180722158034e-16
amr_probe0001,1,1e-06,1,1754,19.917192575699225,0.20572916666666666,0.3880208333333333,599,39,74,1.0497781226283831e-05,1.3345917985272682e-05,3.337379068662716,0.007948184736995847,3.337379068662716,-2.977146277436536e-08,7.060526753301451e-09,0.007948184736995847,3.4057920374795236e-16,-8.078694030884717e-17
amr_probe0001,1,1e-06,1,1754,19.917192575699225,0.2109375,0.39322916666666663,599,40,75,1.0497781226283803e-05,1.334591798527265e-05,3.337379068652589,0.007945082516993274,3.3373790686525884,-8.660041055526042e-10,3.1881212403887776e-08,0.007945082516993274,9.680590328261813e-18,-3.6456318576386355e-16
amr_probe0001,1,1e-06,1,1754,19.917192575699225,0.21614583333333331,0.37760416666666663,599,41,72,1.0497781226283777e-05,1.3345917985272614e-05,3.3373790686231075,0.007936046369820458,3.3373790686231075,2.632199794686966e-08,-2.922182333983305e-08,0.007936046369820458,-3.013144437270549e-16,3.347087628025782e-16
amr_probe0001,1,1e-06,1,1754,19.917192575699225,0.20572916666666666,0.37760416666666663,599,39,72,1.049778122628377e-05,1.3345917985272609e-05,3.337379068621766,0.007935634984414125,3.337379068621766,-2.7210285159877533e-08,-2.7902513525637742e-08,0.007935634984414125,3.1169683718310624e-16,3.196226831985996e-16
amr_probe0001,1,1e-06,1,1754,19.917192575699225,0.21614583333333331,0.39322916666666663,599,41,75,1.0497781226283782e-05,1.3345917985272619e-05,3.3373790686169005,0.007934142376474988,3.3373790686169,2.3977670903544668e-08,3.085148225632572e-08,0.007934142376474988,-2.7454757940719537e-16,-3.5317160103479553e-16
amr_probe0001,1,1e-06,1,1754,19.917192575699225,0.20572916666666666,0.39322916666666663,599,39,75,1.0497781226283757e-05,1.3345917985272585e-05,3.3373790686030613,0.007929896167641925,3.337379068603061,-3.086522250884643e-08,3.284641005955461e-08,0.007929896167641925,3.5376034137714164e-16,-3.762183827505269e-16
amr_probe0001,1,1e-06,1,1754,19.917192575699225,0.2109375,0.3723958333333333,599,40,71,1.0497781226283882e-05,1.3345917985272753e-05,3.3373790685617664,0.00791721240862249,3.3373790685617664,2.0600152381754395e-10,-4.7158501117896116e-08,0.00791721240862249,-2.593008994182437e-18,5.410514708769832e-16
amr_probe0001,1,1e-06,1,1754,19.917192575699225,0.22135416666666666,0.3828125,599,42,73,1.0497781226283874e-05,1.334591798527274e-05,3.3373790685533873,0.007914635386566738,3.337379068553387,5.7572148734789205e-08,-3.057027741343985e-09,0.007914635386566738,-6.606191779611895e-16,3.49480131296105e-17
amr_probe0001,1,1e-06,1,1754,19.917192575699225,0.22135416666666666,0.3880208333333333,599,42,74,1.0497781226283869e-05,1.3345917985272736e-05,3.3373790685522944,0.007914299462571215,3.337379068552294,5.742219153788286e-08,3.822873803987665e-09,0.007914299462571215,-6.589176583501916e-16,-4.3996369783731614e-17
amr_probe0001,1,1e-06,1,1754,19.917192575699225,0.2109375,0.3984375,599,40,76,1.0497781226283874e-05,1.3345917985272741e-05,3.337379068542484,0.007911281970647034,3.3373790685424836,-1.1814492279892658e-09,5.006975911558467e-08,0.007911281970647034,1.3340015064804794e-17,-5.747728806681778e-16
amr_probe0001,1,1e-06,1,1754,19.917192575699225,0.20052083333333331,0.3828125,599,38,73,1.0497781226283842e-05,1.3345917985272699e-05,3.337379068538856,0.007910165698086431,3.3373790685388554,-6.194369501487474e-08,-2.3171388580231843e-09,0.007910165698086431,7.111792664643888e-16,2.6402377775851678e-17
amr_probe0001,1,1e-06,1,1754,19.917192575699225,0.20052083333333331,0.3880208333333333,599,38,74,1.0497781226283838e-05,1.3345917985272694e-05,3.3373790685296294,0.007907326501531243,3.337379068529629,-6.30758578524991e-08,8.794517373841988e-09,0.007907326501531243,7.243923983667137e-16,-1.0101206489275864e-16
amr_probe0001,1,1e-06,1,1754,19.917192575699225,0.20572916666666666,0.3723958333333333,599,39,71,1.0497781226283842e-05,1.3345917985272699e-05,3.3373790685221856,0.007905034764977637,3.337379068522185,-2.5781421945813248e-08,-4.6595342452320846e-08,0.007905034764977637,2.9628053696724457e-16,5.352734516307163e-16
amr_probe0001,1,1e-06,1,1754,19.917192575699225,0.21614583333333331,0.3723958333333333,599,41,71,1.0497781226283855e-05,1.3345917985272714e-05,3.337379068520116,0.007904397567389499,3.337379068520116,2.6527885085179857e-08,-4.6972201178243294e-08,0.007904397567389499,-3.0467320317853254e-16,5.396382211060015e-16
amr_probe0001,1,1e-06,1,1754,19.917192575699225,0.21614583333333331,0.3984375,599,41,76,1.0497781226283855e-05,1.3345917985272722e-05,3.3373790685094136,0.007901101087074798,3.337379068509413,2.2659272675347672e-08,4.867029785819925e-08,0.007901101087074798,-2.6035603354597343e-16,-5.593036600471105e-16
amr_probe0001,1,1e-06,1,1754,19.917192575699225,0.22135416666666666,0.37760416666666663,599,42,72,1.0497781226283792e-05,1.334591798527264e-05,3.3373790685025138,0.007898975089553988,3.3373790685025133,5.7237704446786e-08,-2.8866482530362348e-08,0.007898975089553988,-6.578644916975674e-16,3.3192402592197846e-16
amr_probe0001,1,1e-06,1,1754,19.917192575699225,0.22135416666666666,0.39322916666666663,599,42,75,1.049778122628378e-05,1.3345917985272617e-05,3.3373790684991143,0.007897928498854751,3.337379068499114,5.679468643912085e-08,2.977868844769101e-08,0.007897928498854751,-6.528323809612038e-16,-3.4217287967798966e-16
amr_probe0001,1,1e-06,1,1754,19.917192575699225,0.20052083333333331,0.37760416666666663,599,38,72,1.0497781226283779e-05,1.3345917985272617e-05,3.3373790684954083,0.007896786210533482,3.337379068495408,-6.044456214060708e-08,-2.629582769935117e-08,0.007896786210533482,6.9494390184747585e-16,3.0245630144431775e-16
amr_probe0001,1,1e-06,1,1754,19.917192575699225,0.20572916666666666,0.3984375,599,39,76,1.0497781226283818e-05,1.3345917985272672e-05,3.337379068490859,0.00789538340310236,3.3373790684908586,-3.181653603360117e-08,5.124067380556846e-08,0.00789538340310236,3.65979075222465e-16,-5.891979283609357e-16
amr_probe0001,1,1e-06,1,1754,19.917192575699225,0.20052083333333331,0.39322916666666663,599,38,75,1.0497781226283784e-05,1.3345917985272623e-05,3.3373790684677322,0.007888251182266142,3.3373790684677314,-6.382821736255549e-08,3.372340382068694e-08,0.007888251182266142,7.345026141872979e-16,-3.879758187071075e-16
amr_probe0001,1,1e-06,1,1754,19.917192575699225,0.2109375,0.3671875,599,40,70,1.0497781226283894e-05,1.3345917985272772e-05,3.337379068409041,0.007870122039827137,3.3373790684090405,4.0347116079803e-10,-6.507377361725885e-08,0.007870122039827137,-4.8838340981950394e-18,7.502936962132749e-16
amr_probe0001,1,1e-06,1,1754,19.917192575699225,0.22135416666666666,0.3723958333333333,599,42,71,1.0497781226283875e-05,1.3345917985272745e-05,3.337379068400728,0.007867550311971297,3.337379068400727,5.642082211761842e-08,-4.602924921996168e-08,0.007867550311971297,-6.506279231546145e-16,5.308603396760999e-16
amr_probe0001,1,1e-06,1,1754,19.917192575699225,0.20052083333333331,0.3723958333333333,599,38,71,1.0497781226283835e-05,1.334591798527269e-05,3.3373790684002222,0.007867394142467234,3.3373790684002214,-5.860063696315547e-08,-4.5317940601372776e-08,0.007867394142467234,6.758344683584538e-16,5.226665113306532e-16
amr_probe0001,1,1e-06,1,1754,19.917192575699225,0.22135416666666666,0.3984375,599,42,76,1.049778122628385e-05,1.3345917985272712e-05,3.3373790683946356,0.007865665578447532,3.3373790683946347,5.570531896386966e-08,4.709023712895466e-08,0.007865665578447532,-6.424846748462863e-16,-5.43168357111201e-16
