frame,it,time,dt_log,dominant_physics,vabs_p99,vabs_max,inner_top_vabs,inner_top_r,inner_top_rho,global_top_vabs,global_top_r,global_top_rho,outer_top_vabs,outer_top_r,outer_top_rho,top_vabs_r_p90,outer_present
off0030,294208,0.33,1.2096329e-06,geometry,2.802504899499103,13.017017718296726,13.017017718296726,1.7269445710155735,0.0003546009666600171,13.017017718296726,1.7269445710155735,0.0003546009666600171,nan,nan,nan,1.755690932671766,0
off0040,387173,0.43,1.17357133e-06,geometry,3.1037530854670274,12.667161377367313,12.667161377367313,1.8557039515860076,0.0003048457662256405,12.667161377367313,1.8557039515860076,0.0003048457662256405,nan,nan,nan,1.8802926129551913,0
off0050,480378,0.53,1.17944132e-06,geometry,3.355933019758512,12.908901150067562,12.908901150067562,1.608344936754809,0.0005249040981413184,12.908901150067562,1.608344936754809,0.0005249040981413184,nan,nan,nan,1.67212888748114,0
off0060,573907,0.63,1.0889783e-06,geometry,3.554258523132872,13.353387434588997,13.353387434588997,1.6396016944634537,0.0004425957045840545,13.353387434588997,1.6396016944634537,0.0004425957045840545,nan,nan,nan,1.705978152829516,0
off0070,667418,0.73,1.18829824e-06,geometry,3.727148878117163,13.398406360742904,13.398406360742904,1.6524572738031775,0.0004230700401257412,13.398406360742904,1.6524572738031775,0.0004230700401257412,nan,nan,nan,1.7929365890884492,0
off0080,761057,0.8300000000000001,1.13733126e-06,geometry,3.8718187852008223,13.616271637840212,13.616271637840212,1.67212888748114,0.00038647613203144683,13.616271637840212,1.67212888748114,0.00038647613203144683,nan,nan,nan,1.755690932671766,0
off0090,854726,0.93,1.16823209e-06,geometry,4.048161192261174,13.67516647109353,13.67516647109353,1.7269445710155735,0.00033196344056370553,13.67516647109353,1.7269445710155735,0.00033196344056370553,nan,nan,nan,1.8238201716798699,0
off0100,948323,1.03,1.15156168e-06,geometry,4.291794005754541,13.647380718237473,13.647380718237473,1.7484182195251945,0.0003154177020005832,13.647380718237473,1.7484182195251945,0.0003154177020005832,nan,nan,nan,1.8557039515860076,0
off0110,1041967,1.1300000000000001,1.14803599e-06,geometry,4.6129524131795225,13.611840068908664,13.611840068908664,1.755690932671766,0.0003108678677495152,13.611840068908664,1.755690932671766,0.0003108678677495152,nan,nan,nan,1.8638349505890657,0
off0120,1136054,1.23,1.13157176e-06,geometry,4.9521029355298,13.598299983804614,13.598299983804614,1.7630218275235103,0.0003057304472445663,13.598299983804614,1.7630218275235103,0.0003057304472445663,nan,nan,nan,1.8638349505890657,0
off0130,1230907,1.33,1.10920751e-06,geometry,5.242178779144797,13.683549310476051,13.683549310476051,1.7630218275235103,0.00030055194289200485,13.683549310476051,1.7630218275235103,0.00030055194289200485,nan,nan,nan,1.8638349505890657,0
off0140,1325149,1.43,1.17011625e-06,geometry,5.566678554962236,13.63313517019026,13.63313517019026,1.7853682754941262,0.00028751378808242943,13.63313517019026,1.7853682754941262,0.00028751378808242943,nan,nan,nan,1.8886203212492028,0
off0150,1419567,1.53,1.16006065e-06,geometry,5.868736768065585,13.621208904410791,13.621208904410791,1.7853682754941262,0.00028721727822216957,13.621208904410791,1.7853682754941262,0.00028721727822216957,nan,nan,nan,1.8970146512095665,0
off0160,1514577,1.6300000000000001,1.10653553e-06,geometry,6.156462765419844,13.656835766531941,13.656835766531941,1.7929365890884492,0.00028002176775685503,13.656835766531941,1.7929365890884492,0.00028002176775685503,nan,nan,nan,1.8970146512095665,0
off0170,1609542,1.73,1.13627633e-06,geometry,6.413550552198746,13.654289061994936,13.654289061994936,1.808255340175429,0.00027055664789077735,13.654289061994936,1.808255340175429,0.00027055664789077735,nan,nan,nan,1.91400531228646,0
off0180,1704463,1.83,1.10272162e-06,geometry,6.634589082212532,13.647250715733287,13.647250715733287,1.8160067502872024,0.0002659098218979075,13.647250715733287,1.8160067502872024,0.0002659098218979075,nan,nan,nan,1.91400531228646,0
