metric,hpc,new
levmax,2,1
nleafs,3637,2160
rho_min,5.2629464600423944e-06,1.049778228909211e-05
rho_max,0.09955690013652503,0.09964799512844433
rho_mean,0.008422155590859265,0.016058766516714007
vr_min,0.05451279228398854,0.13929410406362597
vr_max,2.5929263297965974,3.337379096988904
vr_mean,1.1819385419341477,1.3192093482560778
p_min,1.0578522384685211e-05,1.3345919388380513e-05
p_max,0.2001093692744153,0.20025715916823877
p_mean,0.016928532737626692,0.031057531335044235
size_bytes,1340934000,796375072
