r,rho_median,p_median,Vr_median
1.1185882460e+00,6.2470108271e-02,1.2264566123e-01,2.1711417198e+01
1.3550151478e+00,2.3213541135e-02,4.3373558670e-02,3.8745735168e+01
1.5914420496e+00,1.1499864515e-02,2.0745507441e-02,5.6287216187e+01
1.8278689514e+00,6.6485514399e-03,1.1669713072e-02,7.3499626160e+01
2.0642958532e+00,4.2388630100e-03,7.2745797224e-03,8.9961013794e+01
2.3007227550e+00,2.9059560038e-03,4.8938465770e-03,1.0529858017e+02
2.5371496568e+00,2.1204065997e-03,3.5150875337e-03,1.1907143402e+02
2.7735765586e+00,1.5966175124e-03,2.6095032226e-03,1.3214918518e+02
3.0100034603e+00,1.2421726715e-03,2.0048741717e-03,1.4418431091e+02
3.2464303621e+00,9.9086842965e-04,1.5812948113e-03,1.5534904480e+02
3.4828572639e+00,8.0373219680e-04,1.2692962773e-03,1.6592379761e+02
3.7192841657e+00,6.6896833596e-04,1.0468218243e-03,1.7535617065e+02
3.9557110675e+00,5.6150791352e-04,8.7100491510e-04,1.8446925354e+02
4.1921379693e+00,4.7533988254e-04,7.3122413596e-04,1.9322325134e+02
4.4285648711e+00,4.0949070535e-04,6.2524926034e-04,2.0112020874e+02
4.6649917729e+00,3.5582887358e-04,5.3951083100e-04,2.0859594727e+02
4.9014186747e+00,3.1189678703e-04,4.6979403123e-04,2.1563320923e+02
5.1378455764e+00,2.7580212918e-04,4.1287971544e-04,2.2221916199e+02
5.3742724782e+00,2.4604192731e-04,3.6623218330e-04,2.2834439850e+02
5.6106993800e+00,2.1947459027e-04,3.2482505776e-04,2.3447396851e+02
5.8471262818e+00,1.9579146465e-04,2.8812461824e-04,2.4060325623e+02
6.0835531836e+00,1.7774802109e-04,2.6031013113e-04,2.4578614807e+02
6.3199800854e+00,1.6138172214e-04,2.3520362447e-04,2.5096310425e+02
6.5564069872e+00,1.4651333913e-04,2.1250399004e-04,2.5613183594e+02
6.7928338890e+00,1.3419572497e-04,1.9378568686e-04,2.6082153320e+02
7.0292607908e+00,1.2291602616e-04,1.7671971000e-04,2.6550082397e+02
7.2656876926e+00,1.1358372285e-04,1.6265927115e-04,2.6970193481e+02
7.5021145943e+00,1.0495389142e-04,1.4970783377e-04,2.7389239502e+02
7.7385414961e+00,9.6989278973e-05,1.3780242443e-04,2.7807092285e+02
7.9749683979e+00,9.0417099273e-05,1.2801475532e-04,2.8177450562e+02
8.2113952997e+00,8.4291874373e-05,1.1892466136e-04,2.8546731567e+02
8.4478222015e+00,7.8583176219e-05,1.1048237502e-04,2.8914871216e+02
8.6842491033e+00,7.3262657679e-05,1.0264167577e-04,2.9281809998e+02
8.9206760051e+00,6.8303874286e-05,9.5359624538e-05,2.9647491455e+02
9.1571029069e+00,6.4239793574e-05,8.9410888904e-05,2.9966397095e+02
9.3935298087e+00,6.0423282775e-05,8.3841969172e-05,3.0284245300e+02
9.6299567105e+00,5.6830202084e-05,7.8614786617e-05,3.0601040649e+02
9.8663836122e+00,5.3923577070e-05,7.4398412835e-05,3.0871688843e+02
1.0102810514e+01,5.1166356570e-05,7.0409259934e-05,3.1141510010e+02
1.0339237416e+01,4.8130026698e-05,6.6028867877e-05,3.1455215454e+02
1.0575664318e+01,4.5271339332e-05,6.1917089624e-05,3.1767758179e+02
1.0812091219e+01,4.2958698032e-05,5.8600286138e-05,3.2034683228e+02
1.1048518121e+01,4.0764844016e-05,5.5462078308e-05,3.2300701904e+02
1.1284945023e+01,3.9365229895e-05,5.3464373195e-05,3.2477539062e+02
1.1521371925e+01,3.7355897803e-05,5.0602640840e-05,3.2742016602e+02
1.1757798827e+01,3.5449713323e-05,4.7894915042e-05,3.3005551147e+02
1.1994225728e+01,3.3641361370e-05,4.5332875743e-05,3.3268130493e+02
1.2230652630e+01,3.2487641874e-05,4.3701882532e-05,3.3442648315e+02
1.2467079532e+01,3.0831266486e-05,4.1365376092e-05,3.3703607178e+02
1.2703506434e+01,2.9517169423e-05,3.9516216930e-05,3.3920303345e+02
1.2939933336e+01,2.8257263693e-05,3.7747020542e-05,3.4136337280e+02
1.3176360237e+01,2.7053536542e-05,3.6060535422e-05,3.4351641846e+02
1.3412787139e+01,2.6127015190e-05,3.4764918382e-05,3.4523391724e+02
1.3649214041e+01,2.5012683182e-05,3.3209653338e-05,3.4737454224e+02
1.3885640943e+01,2.3948007765e-05,3.1727056921e-05,3.4950775146e+02
1.4122067844e+01,2.3128494831e-05,3.0588041227e-05,3.5120925903e+02
1.4358494746e+01,2.2337208975e-05,2.9490170164e-05,3.5290612793e+02
1.4594921648e+01,2.1385494620e-05,2.8172236853e-05,3.5502084351e+02
1.4831348550e+01,2.0476154532e-05,2.6915827220e-05,3.5712796021e+02
1.5067775452e+01,1.9776184672e-05,2.5950549571e-05,3.5880848694e+02
1.5304202353e+01,1.9100302779e-05,2.5020108296e-05,3.6048428345e+02
1.5540629255e+01,1.8447675757e-05,2.4123241019e-05,3.6215534973e+02
1.5777056157e+01,1.7817497792e-05,2.3258728106e-05,3.6382165527e+02
1.6013483059e+01,1.7208993995e-05,2.2425398129e-05,3.6548320007e+02
1.6249909961e+01,1.6621412215e-05,2.1622117856e-05,3.6713993835e+02
1.6486336862e+01,1.6054030311e-05,2.0847799533e-05,3.6879187012e+02
1.6722763764e+01,1.5640736819e-05,2.0284584025e-05,3.7002783203e+02
1.6959190666e+01,1.5239311779e-05,1.9738336050e-05,3.7126075745e+02
1.7195617568e+01,1.4719426417e-05,1.9031908778e-05,3.7290063477e+02
1.7432044470e+01,1.4217400349e-05,1.8350930986e-05,3.7453565979e+02
1.7668471371e+01,1.3732615571e-05,1.7694481357e-05,3.7616581726e+02
1.7904898273e+01,1.3379475604e-05,1.7216985725e-05,3.7738540649e+02
1.8141325175e+01,1.3036468772e-05,1.6753861019e-05,3.7860192871e+02
1.8377752077e+01,1.2592227449e-05,1.6154912373e-05,3.8021989441e+02
1.8614178978e+01,1.2268616047e-05,1.5719235307e-05,3.8143032837e+02
1.8850605880e+01,1.1954284219e-05,1.5296661786e-05,3.8263766479e+02
1.9087032782e+01,1.1547174381e-05,1.4750149603e-05,3.8424340820e+02
1.9323459684e+01,1.1250606804e-05,1.4352606740e-05,3.8544461060e+02
1.9559886586e+01,1.0962538454e-05,1.3967015548e-05,3.8664277649e+02
1.9796313487e+01,1.0681093045e-05,1.3590723029e-05,3.8783847046e+02
