frame,it,time,dt_min,alpha,cell_frac,vol_frac,cells,valid_cells,rmin,rmax,theta_min_deg,theta_max_deg,phi_min_deg,phi_max_deg
amr_probe0000,0,0.0,6.0536631606876e-06,1.01,1.7846944603083952e-06,3.2193186112603886e-10,64,35860480,1.0003213418475925,1.0009640255427774,76.40624999999999,79.21875,136.40625,142.96875
amr_probe0000,0,0.0,6.0536631606876e-06,1.02,4.573279554540263e-06,8.27764189845106e-10,164,35860480,1.0003213418475925,1.0022571051374896,70.78124999999999,81.09374999999999,32.34374999999999,144.84375
amr_probe0000,0,0.0,6.0536631606876e-06,1.05,2.130479011993147e-05,3.860198399645072e-09,764,35860480,1.0003213418475925,1.004874380994281,68.90624999999999,82.96875,30.468749999999993,148.59375
amr_probe0000,0,0.0,6.0536631606876e-06,1.1,7.835924114791548e-05,1.4297414403345011e-08,2810,35860480,1.0003213418475925,1.0088793377669698,65.15625,84.84375,28.593749999999993,150.46875
amr_probe0001,1688,0.01,5.787920200735768e-06,1.01,1.111554635133426e-06,2.303765744778119e-10,45,40483840,1.0022571051374896,1.0035605293689596,70.78124999999999,81.09374999999999,30.468749999999993,144.84375
amr_probe0001,1688,0.01,5.787920200735768e-06,1.02,4.964944036929303e-06,1.0221872030097884e-09,201,40483840,1.0016092799727432,1.0042161491660884,68.90624999999999,81.09374999999999,30.468749999999993,145.78125
amr_probe0001,1688,0.01,5.787920200735768e-06,1.05,2.7961774377134185e-05,5.748500285153038e-09,1132,40483840,1.0003213418475925,1.0061987434326054,67.03125,82.03125,28.593749999999993,148.59375
amr_probe0001,1688,0.01,5.787920200735768e-06,1.1,8.284787213861136e-05,1.7099295367010483e-08,3354,40483840,1.0003213418475925,1.0088793377669698,65.15625,83.90625,27.656249999999996,150.46875
amr_probe0002,3454,0.02,5.507799179928851e-06,1.01,1.0464038749065537e-06,2.1369652054192984e-10,43,41093120,1.0022571051374896,1.0035605293689596,69.84375,73.59375,30.468749999999993,35.15625
amr_probe0002,3454,0.02,5.507799179928851e-06,1.02,3.5772411537503114e-06,7.348267775023887e-10,147,41093120,1.0022571051374896,1.004874380994281,68.90624999999999,80.15625,29.531250000000004,143.90625
amr_probe0002,3454,0.02,5.507799179928851e-06,1.05,1.944364409419387e-05,4.046858362910989e-09,799,41093120,1.0016092799727432,1.0061987434326054,67.03125,82.03125,28.593749999999993,146.71874999999997
amr_probe0002,3454,0.02,5.507799179928851e-06,1.1,6.60694539621231e-05,1.3857054503862821e-08,2715,41093120,1.0003213418475925,1.0088793377669698,65.15625,82.96875,27.656249999999996,150.46875
amr_probe0003,5339,0.03,5.086580481823111e-06,1.01,6.294155924640556e-07,1.2960044935518649e-10,26,41308160,1.002907521602895,1.0042161491660884,69.84375,73.59375,30.468749999999993,36.09375
amr_probe0003,5339,0.03,5.086580481823111e-06,1.02,2.68712041398116e-06,5.553115288709546e-10,111,41308160,1.002907521602895,1.004874380994281,68.90624999999999,74.53125,30.468749999999993,36.09375
amr_probe0003,5339,0.03,5.086580481823111e-06,1.05,9.441233886960832e-06,1.956157715272313e-09,390,41308160,1.0022571051374896,1.0061987434326054,67.03125,75.46875,29.531250000000004,37.03124999999999
amr_probe0003,5339,0.03,5.086580481823111e-06,1.1,3.3915817117005456e-05,7.121567881676243e-09,1401,41308160,1.0016092799727432,1.0088793377669698,66.09375,82.03125,28.593749999999993,147.65625
amr_probe0004,7397,0.04,4.632420012593353e-06,1.01,7.706535141800247e-07,1.6078072843463246e-10,32,41523200,1.0035605293689596,1.004874380994281,69.84375,73.59375,30.468749999999993,35.15625
amr_probe0004,7397,0.04,4.632420012593353e-06,1.02,2.769536066584464e-06,5.780351495687978e-10,115,41523200,1.0035605293689596,1.0055352457497868,68.90624999999999,74.53125,30.468749999999993,36.09375
amr_probe0004,7397,0.04,4.632420012593353e-06,1.05,8.645769112207152e-06,1.8110065387769916e-09,359,41523200,1.002907521602895,1.0075337007704364,67.96874999999999,75.46875,29.531250000000004,37.03124999999999
amr_probe0004,7397,0.04,4.632420012593353e-06,1.1,1.9747996300863132e-05,4.152289425347825e-09,820,41523200,1.0022571051374896,1.0095561905010033,66.09375,77.34374999999999,28.593749999999993,37.96875
amr_probe0005,9678,0.05,4.141096334468958e-06,1.01,5.98457225150141e-07,1.2659991055271094e-10,25,41774080,1.0042161491660884,1.0055352457497868,70.78124999999999,73.59375,31.40625,35.15625
amr_probe0005,9678,0.05,4.141096334468958e-06,1.02,2.106569432528496e-06,4.461665741653146e-10,88,41774080,1.0042161491660884,1.0061987434326054,69.84375,74.53125,30.468749999999993,36.09375
amr_probe0005,9678,0.05,4.141096334468958e-06,1.05,7.3490547248437305e-06,1.5586552717434638e-09,307,41774080,1.0035605293689596,1.0075337007704364,67.96874999999999,75.46875,30.468749999999993,37.03124999999999
amr_probe0005,9678,0.05,4.141096334468958e-06,1.1,1.6780740593209953e-05,3.572910917693469e-09,701,41774080,1.002907521602895,1.0102357398594755,67.03125,76.40624999999999,29.531250000000004,37.03124999999999
amr_probe0006,12246,0.06,3.6371357711077283e-06,1.01,6.207976772616137e-07,1.3327583704125144e-10,26,41881600,1.0055352457497868,1.0068648951061552,70.78124999999999,73.59375,31.40625,35.15625
amr_probe0006,12246,0.06,3.6371357711077283e-06,1.02,1.957900366748166e-06,4.2082707115964995e-10,82,41881600,1.004874380994281,1.0075337007704364,69.84375,74.53125,31.40625,36.09375
amr_probe0006,12246,0.06,3.6371357711077283e-06,1.05,6.375114608801956e-06,1.3711485870663985e-09,267,41881600,1.004874380994281,1.0095561905010033,68.90624999999999,75.46875,30.468749999999993,36.09375
amr_probe0006,12246,0.06,3.6371357711077283e-06,1.1,1.5042405256723717e-05,3.24605960041152e-09,630,41881600,1.0042161491660884,1.0116029931687214,67.96874999999999,76.40624999999999,29.531250000000004,37.03124999999999
amr_probe0007,15192,0.07,3.171467039093307e-06,1.01,6.888910848941864e-07,1.5253238115142626e-10,29,42096640,1.0082051816573743,1.0102357398594755,71.71875,73.59375,32.34374999999999,35.15625
amr_probe0007,15192,0.07,3.171467039093307e-06,1.02,1.971653794697154e-06,4.358114570617683e-10,83,42096640,1.0075337007704364,1.0116029931687214,70.78124999999999,74.53125,31.40625,35.15625
amr_probe0007,15192,0.07,3.171467039093307e-06,1.05,6.7463816589637554e-06,1.4911925423433506e-09,284,42096640,1.0061987434326054,1.012981184504441,68.90624999999999,75.46875,30.468749999999993,36.09375
amr_probe0007,15192,0.07,3.171467039093307e-06,1.1,1.553568170761372e-05,3.435353099418968e-09,654,42096640,1.0055352457497868,1.0157707319721831,67.96874999999999,76.40624999999999,30.468749999999993,37.03124999999999
amr_probe0008,18504,0.08,2.9021720141655575e-06,1.01,1.2730084490042246e-06,2.987811107524978e-10,54,42419200,1.012981184504441,1.0186050907304471,70.78124999999999,73.59375,32.34374999999999,34.21875
amr_probe0008,18504,0.08,2.9021720141655575e-06,1.02,3.323966505733253e-06,7.77674602291284e-10,141,42419200,1.0116029931687214,1.020039298846661,70.78124999999999,73.59375,31.40625,35.15625
amr_probe0008,18504,0.08,2.9021720141655575e-06,1.05,1.1127036813518407e-05,2.5859591616008455e-09,472,42419200,1.0088793377669698,1.0222121556896002,68.90624999999999,75.46875,31.40625,36.09375
amr_probe0008,18504,0.08,2.9021720141655575e-06,1.1,2.461149668074834e-05,5.696704594431545e-09,1044,42419200,1.0075337007704364,1.0244111330764718,67.96874999999999,76.40624999999999,30.468749999999993,37.03124999999999
amr_probe0009,22016,0.09,2.814827691626044e-06,1.01,2.9147639087870105e-06,7.332701905979029e-10,125,42885120,1.0171822652183304,1.0319338192844556,70.78124999999999,73.59375,32.34374999999999,34.21875
amr_probe0009,22016,0.09,2.814827691626044e-06,1.02,7.461795606494747e-06,1.863815175990488e-09,320,42885120,1.0143704013708463,1.0327027066087222,69.84375,74.53125,31.40625,35.15625
amr_probe0009,22016,0.09,2.814827691626044e-06,1.05,2.184907026026743e-05,5.3913854322590725e-09,937,42885120,1.0109180074153814,1.035027821877304,68.90624999999999,75.46875,31.40625,36.09375
amr_probe0009,22016,0.09,2.814827691626044e-06,1.1,4.250891684574976e-05,1.0401300987378503e-08,1823,42885120,1.0088793377669698,1.0381715265278038,67.96874999999999,76.40624999999999,30.468749999999993,37.03124999999999
amr_probe0010,25586,0.1,2.7856894442199237e-06,1.01,3.396538211285934e-06,8.780913175284842e-10,147,43279360,1.020039298846661,1.035027821877304,70.78124999999999,73.59375,32.34374999999999,34.21875
amr_probe0010,25586,0.1,2.7856894442199237e-06,1.02,9.588866378800426e-06,2.4648183998252875e-09,415,43279360,1.0171822652183304,1.0365934118426923,69.84375,74.53125,31.40625,35.15625
amr_probe0010,25586,0.1,2.7856894442199237e-06,1.05,2.89745504554596e-05,7.40276080473596e-09,1254,43279360,1.0116029931687214,1.0429820248933779,67.96874999999999,75.46875,30.468749999999993,36.09375
amr_probe0010,25586,0.1,2.7856894442199237e-06,1.1,5.7186612741038685e-05,1.4503336785426193e-08,2475,43279360,1.0088793377669698,1.047908901298387,67.03125,76.40624999999999,30.468749999999993,37.03124999999999
amr_probe0011,29174,0.11,2.7793675494768668e-06,1.01,3.718489246679986e-06,9.734999448228426e-10,162,43566080,1.020039298846661,1.035027821877304,70.78124999999999,73.59375,32.34374999999999,34.21875
amr_probe0011,29174,0.11,2.7793675494768668e-06,1.02,1.1430911387942178e-05,2.9796562110069872e-09,498,43566080,1.0171822652183304,1.0397622661303962,69.84375,74.53125,31.40625,35.15625
amr_probe0011,29174,0.11,2.7793675494768668e-06,1.05,3.5440416030085795e-05,9.209506936824567e-09,1544,43566080,1.0122907188650743,1.046253505861128,67.96874999999999,76.40624999999999,30.468749999999993,36.09375
amr_probe0011,29174,0.11,2.7793675494768668e-06,1.1,6.897568016218123e-05,1.7906534179959544e-08,3005,43566080,1.0088793377669698,1.0546639783800762,67.03125,77.34374999999999,29.531250000000004,37.03124999999999
amr_probe0012,32768,0.12,2.7767289815059663e-06,1.01,3.863973583149075e-06,1.0241776224114712e-09,170,43996160,1.020039298846661,1.0365934118426923,70.78124999999999,74.53125,32.34374999999999,35.15625
amr_probe0012,32768,0.12,2.7767289815059663e-06,1.02,1.2001047364133597e-05,3.1706199068224243e-09,528,43996160,1.0171822652183304,1.0397622661303962,69.84375,74.53125,31.40625,35.15625
amr_probe0012,32768,0.12,2.7767289815059663e-06,1.05,3.863973583149075e-05,1.0190811963582834e-08,1700,43996160,1.012981184504441,1.047908901298387,67.96874999999999,76.40624999999999,30.468749999999993,36.09375
amr_probe0012,32768,0.12,2.7767289815059663e-06,1.1,7.61657381007797e-05,2.015403445731605e-08,3351,43996160,1.0088793377669698,1.0572531618190348,66.09375,77.34374999999999,29.531250000000004,37.03124999999999
amr_probe0013,36363,0.13,2.7770239679377303e-06,1.01,4.132522545959071e-06,1.1038581366305695e-09,183,44282880,1.020039298846661,1.0365934118426923,70.78124999999999,74.53125,32.34374999999999,35.15625
amr_probe0013,36363,0.13,2.7770239679377303e-06,1.02,1.2352403457047058e-05,3.289928996270088e-09,547,44282880,1.0171822652183304,1.0397622661303962,68.90624999999999,75.46875,31.40625,35.15625
amr_probe0013,36363,0.13,2.7770239679377303e-06,1.05,4.053485229506301e-05,1.0797426384187335e-08,1795,44282880,1.012981184504441,1.047908901298387,67.96874999999999,76.40624999999999,30.468749999999993,36.09375
amr_probe0013,36363,0.13,2.7770239679377303e-06,1.1,8.127294340386172e-05,2.1746679249136196e-08,3599,44282880,1.0088793377669698,1.0581231182486368,66.09375,77.34374999999999,29.531250000000004,37.03124999999999
amr_probe0014,39957,0.14,2.778293238858202e-06,1.01,4.285432222860425e-06,1.1530687376728138e-09,191,44569600,1.020039298846661,1.0365934118426923,70.78124999999999,74.53125,32.34374999999999,35.15625
amr_probe0014,39957,0.14,2.778293238858202e-06,1.02,1.287873348650201e-05,3.4570514082570015e-09,574,44569600,1.0171822652183304,1.0413657316498095,68.90624999999999,75.46875,31.40625,35.15625
amr_probe0014,39957,0.14,2.778293238858202e-06,1.05,4.1463239517518665e-05,1.1128064749149073e-08,1848,44569600,1.012981184504441,1.049577539899144,67.03125,76.40624999999999,30.468749999999993,37.03124999999999
amr_probe0014,39957,0.14,2.778293238858202e-06,1.1,8.451949310740954e-05,2.283301535599541e-08,3767,44569600,1.0088793377669698,1.0598734705849957,66.09375,77.34374999999999,29.531250000000004,37.03124999999999
amr_probe0015,43549,0.15,2.7809374106389223e-06,1.01,4.4444760496074635e-06,1.2072540812473953e-09,200,44999680,1.020039298846661,1.0365934118426923,70.78124999999999,74.53125,32.34374999999999,35.15625
amr_probe0015,43549,0.15,2.7809374106389223e-06,1.02,1.3133426726590056e-05,3.5586102826787636e-09,591,44999680,1.0171822652183304,1.0413657316498095,68.90624999999999,75.46875,31.40625,35.15625
amr_probe0015,43549,0.15,2.7809374106389223e-06,1.05,4.222252247127091e-05,1.145237076075382e-08,1900,44999680,1.012981184504441,1.049577539899144,67.03125,76.40624999999999,30.468749999999993,37.03124999999999
amr_probe0015,43549,0.15,2.7809374106389223e-06,1.1,8.593394441916031e-05,2.3479548676335378e-08,3867,44999680,1.0088793377669698,1.0598734705849957,66.09375,77.34374999999999,29.531250000000004,37.03124999999999
amr_probe0016,47137,0.16,2.784097028389819e-06,1.01,4.688556576129832e-06,1.2850712003852006e-09,213,45429760,1.020039298846661,1.0365934118426923,69.84375,74.53125,32.34374999999999,35.15625
amr_probe0016,47137,0.16,2.784097028389819e-06,1.02,1.3383297644539614e-05,3.663582846853381e-09,608,45429760,1.0171822652183304,1.0413657316498095,68.90624999999999,75.46875,31.40625,35.15625
amr_probe0016,47137,0.16,2.784097028389819e-06,1.05,4.274730925278936e-05,1.1707806613246637e-08,1942,45429760,1.012981184504441,1.049577539899144,67.03125,76.40624999999999,30.468749999999993,37.03124999999999
amr_probe0016,47137,0.16,2.784097028389819e-06,1.1,8.65511946354108e-05,2.3896003943786747e-08,3932,45429760,1.0088793377669698,1.0598734705849957,66.09375,77.34374999999999,29.531250000000004,37.03124999999999
amr_probe0017,50721,0.17,2.78731426122679e-06,1.01,4.7503712732571174e-06,1.3088217394747427e-09,217,45680640,1.020039298846661,1.0365934118426923,69.84375,74.53125,32.34374999999999,35.15625
amr_probe0017,50721,0.17,2.78731426122679e-06,1.02,1.3441142681013226e-05,3.698472631333924e-09,614,45680640,1.0171822652183304,1.0413657316498095,68.90624999999999,75.46875,31.40625,35.15625
amr_probe0017,50721,0.17,2.78731426122679e-06,1.05,4.299414368975566e-05,1.18355535113001e-08,1964,45680640,1.012981184504441,1.049577539899144,67.03125,76.40624999999999,30.468749999999993,37.03124999999999
amr_probe0017,50721,0.17,2.78731426122679e-06,1.1,8.677636740641112e-05,2.4099250845682343e-08,3964,45680640,1.0088793377669698,1.0598734705849957,66.09375,77.34374999999999,29.531250000000004,37.03124999999999
amr_probe0018,54301,0.18,2.7904108887691615e-06,1.01,4.90625348889137e-06,1.3557291625493781e-09,225,45859840,1.020039298846661,1.0365934118426923,69.84375,74.53125,32.34374999999999,35.15625
amr_probe0018,54301,0.18,2.7904108887691615e-06,1.02,1.3497648487216703e-05,3.725111906820304e-09,619,45859840,1.0171822652183304,1.0413657316498095,68.90624999999999,75.46875,31.40625,35.15625
amr_probe0018,54301,0.18,2.7904108887691615e-06,1.05,4.295697499162666e-05,1.186821019162199e-08,1970,45859840,1.012981184504441,1.049577539899144,67.03125,76.40624999999999,30.468749999999993,37.03124999999999
amr_probe0018,54301,0.18,2.7904108887691615e-06,1.1,8.709145082058725e-05,2.428518205799932e-08,3994,45859840,1.0088793377669698,1.0598734705849957,66.09375,77.34374999999999,29.531250000000004,37.03124999999999
amr_probe0019,57877,0.19,2.793546498665702e-06,1.01,4.907675171574054e-06,1.3666518816140487e-09,227,46254080,1.020039298846661,1.0365934118426923,69.84375,74.53125,32.34374999999999,35.15625
amr_probe0019,57877,0.19,2.793546498665702e-06,1.02,1.3750138366172238e-05,3.822497270012244e-09,636,46254080,1.0171822652183304,1.0413657316498095,68.90624999999999,75.46875,31.40625,35.15625
amr_probe0019,57877,0.19,2.793546498665702e-06,1.05,4.272055567854771e-05,1.1891221472917895e-08,1976,46254080,1.012981184504441,1.049577539899144,67.03125,76.40624999999999,30.468749999999993,37.03124999999999
amr_probe0019,57877,0.19,2.793546498665702e-06,1.1,8.650047736329423e-05,2.432451473014275e-08,4001,46254080,1.0088793377669698,1.0598734705849957,66.09375,77.34374999999999,29.531250000000004,37.03124999999999
amr_probe0020,61449,0.2,2.7964884257630057e-06,1.01,4.888734976292866e-06,1.3661520752640668e-09,227,46433280,1.020039298846661,1.0365934118426923,69.84375,74.53125,32.34374999999999,35.15625
amr_probe0020,61449,0.2,2.7964884257630057e-06,1.02,1.380475383173448e-05,3.849109647081929e-09,641,46433280,1.0171822652183304,1.0413657316498095,68.90624999999999,75.46875,31.40625,35.15625
amr_probe0020,61449,0.2,2.7964884257630057e-06,1.05,4.272797441834822e-05,1.1930460131006648e-08,1984,46433280,1.012981184504441,1.049577539899144,67.03125,76.40624999999999,30.468749999999993,37.03124999999999
amr_probe0020,61449,0.2,2.7964884257630057e-06,1.1,8.608050088212593e-05,2.4279397881230707e-08,3997,46433280,1.0088793377669698,1.0598734705849957,66.09375,77.34374999999999,29.531250000000004,37.03124999999999
amr_probe0021,65017,0.21,2.7990559960736348e-06,1.01,4.946779475982533e-06,1.395146393455028e-09,232,46899200,1.020039298846661,1.0365934118426923,69.84375,74.53125,32.34374999999999,35.15625
amr_probe0021,65017,0.21,2.7990559960736348e-06,1.02,1.373157751091703e-05,3.862815110814086e-09,644,46899200,1.0171822652183304,1.0397622661303962,68.90624999999999,75.46875,31.40625,35.15625
amr_probe0021,65017,0.21,2.7990559960736348e-06,1.05,4.215423717248908e-05,1.188308720804606e-08,1977,46899200,1.0122907188650743,1.049577539899144,67.03125,76.40624999999999,30.468749999999993,37.03124999999999
amr_probe0021,65017,0.21,2.7990559960736348e-06,1.1,8.501211108078603e-05,2.420178835859298e-08,3987,46899200,1.0088793377669698,1.0598734705849957,66.09375,77.34374999999999,29.531250000000004,37.03124999999999
amr_probe0022,68582,0.22,2.8013348248871267e-06,1.01,4.814413888587252e-06,1.3640100126629264e-09,227,47150080,1.020039298846661,1.0365934118426923,69.84375,74.53125,32.34374999999999,35.15625
amr_probe0022,68582,0.22,2.8013348248871267e-06,1.02,1.367972228254968e-05,3.86529444869991e-09,645,47150080,1.0171822652183304,1.0397622661303962,68.90624999999999,75.46875,31.40625,35.15625
amr_probe0022,68582,0.22,2.8013348248871267e-06,1.05,4.1633015256813986e-05,1.1792463733806906e-08,1963,47150080,1.0122907188650743,1.049577539899144,67.03125,76.40624999999999,30.468749999999993,36.09375
amr_probe0022,68582,0.22,2.8013348248871267e-06,1.1,8.398713215332826e-05,2.401415952618383e-08,3960,47150080,1.0088793377669698,1.0598734705849957,66.09375,77.34374999999999,29.531250000000004,37.03124999999999
amr_probe0023,72144,0.23,2.8033314754132587e-06,1.01,4.866942036836403e-06,1.3821412591221155e-09,230,47257600,1.020039298846661,1.0365934118426923,69.84375,74.53125,31.40625,35.15625
amr_probe0023,72144,0.23,2.8033314754132587e-06,1.02,1.3754401408450705e-05,3.893647696263888e-09,650,47257600,1.0171822652183304,1.0397622661303962,68.90624999999999,75.46875,31.40625,35.15625
amr_probe0023,72144,0.23,2.8033314754132587e-06,1.05,4.1369007313109424e-05,1.1735382719022469e-08,1955,47257600,1.0122907188650743,1.049577539899144,67.03125,76.40624999999999,30.468749999999993,36.09375
amr_probe0023,72144,0.23,2.8033314754132587e-06,1.1,8.36690817984832e-05,2.3964193695914538e-08,3954,47257600,1.0088793377669698,1.058996554503957,66.09375,77.34374999999999,29.531250000000004,37.03124999999999
amr_probe0024,75704,0.24,2.8051795843589458e-06,1.01,4.903242677824268e-06,1.404753033292487e-09,234,47723520,1.020039298846661,1.0365934118426923,69.84375,74.53125,31.40625,35.15625
amr_probe0024,75704,0.24,2.8051795843589458e-06,1.02,1.3620118549511855e-05,3.890116839859535e-09,650,47723520,1.0171822652183304,1.0397622661303962,68.90624999999999,75.46875,31.40625,35.15625
amr_probe0024,75704,0.24,2.8051795843589458e-06,1.05,4.11327580195258e-05,1.1775911146027397e-08,1963,47723520,1.0122907188650743,1.047908901298387,67.03125,76.40624999999999,30.468749999999993,36.09375
amr_probe0024,75704,0.24,2.8051795843589458e-06,1.1,8.285222883810749e-05,2.3948602160374228e-08,3954,47723520,1.0088793377669698,1.0581231182486368,66.09375,77.34374999999999,29.531250000000004,37.03124999999999
amr_probe0025,79262,0.25,2.8066983174864107e-06,1.01,5.002668089647812e-06,1.4398146334740911e-09,240,47974400,1.020039298846661,1.0365934118426923,69.84375,74.53125,31.40625,35.15625
amr_probe0025,79262,0.25,2.8066983174864107e-06,1.02,1.3632270544290288e-05,3.912531640916668e-09,654,47974400,1.0171822652183304,1.0397622661303962,67.96874999999999,75.46875,31.40625,35.15625
amr_probe0025,79262,0.25,2.8066983174864107e-06,1.05,4.0980189434364995e-05,1.1787980699411709e-08,1966,47974400,1.0122907188650743,1.047908901298387,67.03125,76.40624999999999,30.468749999999993,36.09375
amr_probe0025,79262,0.25,2.8066983174864107e-06,1.1,8.231473452508004e-05,2.3908380690011472e-08,3949,47974400,1.0088793377669698,1.0581231182486368,65.15625,77.34374999999999,29.531250000000004,37.03124999999999
amr_probe0026,82818,0.26,2.8080105335165563e-06,1.01,5.053874720477052e-06,1.4552728043969236e-09,243,48081920,1.020039298846661,1.0365934118426923,68.90624999999999,74.53125,31.40625,35.15625
amr_probe0026,82818,0.26,2.8080105335165563e-06,1.02,1.3622584123096581e-05,3.915675487443339e-09,655,48081920,1.0171822652183304,1.0397622661303962,67.96874999999999,75.46875,31.40625,35.15625
amr_probe0026,82818,0.26,2.8080105335165563e-06,1.05,4.084695453093387e-05,1.1771153487543897e-08,1964,48081920,1.0122907188650743,1.047908901298387,67.03125,76.40624999999999,30.468749999999993,36.09375
amr_probe0026,82818,0.26,2.8080105335165563e-06,1.1,8.21098658289852e-05,2.3890375166296435e-08,3948,48081920,1.0088793377669698,1.0581231182486368,65.15625,77.34374999999999,29.531250000000004,37.03124999999999
amr_probe0027,86372,0.27,2.8092210431132563e-06,1.01,5.03137257500265e-06,1.453467494891863e-09,243,48296960,1.020039298846661,1.0365934118426923,68.90624999999999,74.53125,31.40625,35.15625
amr_probe0027,86372,0.27,2.8092210431132563e-06,1.02,1.3624045902682073e-05,3.932199663189181e-09,658,48296960,1.0171822652183304,1.0397622661303962,67.96874999999999,75.46875,31.40625,35.15625
amr_probe0027,86372,0.27,2.8092210431132563e-06,1.05,4.060296962790205e-05,1.1747186212516458e-08,1961,48296960,1.0122907188650743,1.047908901298387,67.03125,76.40624999999999,30.468749999999993,36.09375
amr_probe0027,86372,0.27,2.8092210431132563e-06,1.1,8.170286494222411e-05,2.3869889234024178e-08,3946,48296960,1.0088793377669698,1.0581231182486368,65.15625,77.34374999999999,29.531250000000004,37.03124999999999
