frame,it,time,time_log,dt_log,dt_pred_min,dt_ratio,angle_mode_used,theta_scale,phi_scale,level,block_id,i,j,k,i_global,j_global,k_global,r,theta,phi,theta_deg,phi_deg,shell_index,theta_bin,phi_bin,C_r,C_th,C_ph,C_sum,dominant_direction,dominant_physics,v_abs,c_s,v_A,cf_r,cf_th,cf_ph,cf_max,dr,r_dtheta,r_sintheta_dphi,rho,p,nleafs,n1_log,n2_log,in_pole_guard_1deg,gamma
amr_probe0000,0,0.0,0.0,6.05286566e-06,6.0536631606876e-06,1.000131755887607,radian,1.0,1.0,2,1125,1,3,5,1,83,149,1.0009640255427774,1.366265555076811,2.4461880297483023,78.28125,140.15625,0,41,74,76538.57143573857,2996.1186043303082,3059.928578124603,82594.61861819348,radial,geometry,0.13944982363710778,1.452564089078433,49.050132964550265,49.05064209086004,49.07113629290085,49.07162821095124,49.07162821095124,0.0006426836951849424,0.016378235568504547,0.01603685411540772,0.09947294957078648,0.19988780687920044,7004,1468,5536,False,1.05
amr_probe0001,1688,0.01,0.01,5.79859385e-06,5.787920200735768e-06,0.9981592693780007,radian,1.0,1.0,2,1146,3,4,6,3,84,150,1.0022571051374896,1.382628016814258,2.4625504914857492,79.21875,141.09375,1,42,75,79986.22407149688,3183.2293261638365,3217.363050921167,86386.81644858189,radial,geometry,0.4993237944796554,1.4474976488766271,51.707381680390014,51.70809672521364,51.726939298486066,51.72762371583819,51.72762371583819,0.000647825164746374,0.016399393533896276,0.01610991994267947,0.08598753999519115,0.17158604316490234,7907,1339,6568,False,1.05
amr_probe0002,3454,0.02,0.02,5.49765608e-06,5.507799179928851e-06,1.0018449862598264,radian,1.0,1.0,2,105,4,11,1,4,75,33,1.002907521602895,1.2353658611772362,0.5481424682044691,70.78124999999999,31.40625,2,37,16,83909.1653794202,3335.016567631536,3536.1794397733597,90780.3613868251,radial,geometry,0.5641904533978229,1.4412600155170021,54.43554779186263,54.436124320771874,54.4546175535482,54.454055243028634,54.4546175535482,0.0006530077660644729,0.016410035948425102,0.015495483284293997,0.07162729908771655,0.14170133852425656,8026,1322,6704,False,1.05
amr_probe0003,5339,0.03,0.03,5.09594829e-06,5.086580481823111e-06,0.9981617144359036,radian,1.0,1.0,2,105,5,11,1,5,75,33,1.0035605293689596,1.2353658611772362,0.5481424682044691,70.78124999999999,31.40625,2,37,16,90893.90100745017,3595.307216866318,3808.656478060542,98297.86470237703,radial,geometry,0.6980699698166711,1.4360428580369131,58.764667556013926,58.76519262605348,58.78220565396599,58.78169275078325,58.78220565396599,0.0006530077660644729,0.016420720763011588,0.015505572620255297,0.060767647194620744,0.11934876391081196,8068,1316,6752,False,1.05
amr_probe0004,7397,0.04,0.04,4.62726705e-06,4.632420012593353e-06,1.0011136082135896,radian,1.0,1.0,2,105,5,12,1,5,76,33,1.0035605293689596,1.2517283229146832,0.5481424682044691,71.71875,31.40625,2,38,16,99857.77702277612,3935.230222094731,4141.937911383789,107934.94515625465,radial,geometry,0.7746149256188848,1.4307558028112572,64.45510716848757,64.45568885522954,64.47093980836321,64.47044912526437,64.47093980836321,0.0006530077660644729,0.016420720763011588,0.015591937110128589,0.05048532058459075,0.09842532359202023,8110,1310,6800,False,1.05
amr_probe0005,9678,0.05,0.05,4.14872605e-06,4.141096334468958e-06,0.9981609497857681,radian,1.0,1.0,2,105,7,12,1,7,76,33,1.004874380994281,1.2517283229146832,0.5481424682044691,71.71875,31.40625,3,38,16,111693.05493689091,4411.488046493232,4636.429845039213,120740.97282842336,radial,geometry,1.1615081275750716,1.4229942817211585,72.36799654124188,72.36850474503274,72.38194514501568,72.38151828034971,72.38194514501568,0.0006582318281929123,0.016442218609959595,0.015612349921627796,0.039138672089969274,0.07547847160602583,8159,1303,6856,False,1.05
amr_probe0006,12246,0.06,0.06,3.64383625e-06,3.6371357711077283e-06,0.9981611470898913,radian,1.0,1.0,2,105,9,13,2,9,77,34,1.0061987434326054,1.2680907846521299,0.5645049299419158,72.65624999999999,32.34374999999999,4,38,17,127155.62984651713,5028.906349382389,5286.273657239343,137470.80985313884,radial,geometry,1.6728631344235594,1.4142466744080926,82.72903985770408,82.72930837573229,82.74104680358465,82.74093926025476,82.74104680358465,0.0006634976828183703,0.016463888439682963,0.015715332252805213,0.029383947584013394,0.055972044907815606,8180,1300,6880,False,1.05
amr_probe0007,15192,0.07,0.07,3.17569913e-06,3.171467039093307e-06,0.9986673514292606,radian,1.0,1.0,2,105,13,13,3,13,77,35,1.0088793377669698,1.2680907846521299,0.5808673916793627,72.65624999999999,33.28125,6,38,17,145732.69418749952,5817.262508229661,6105.788685419508,157655.7453811487,radial,geometry,2.2500320215747664,1.4025272261631416,96.00498031891372,96.0050631865547,96.01517820255255,96.01518789947674,96.01518789947674,0.0006741561095953141,0.01650774956191262,0.015757199161181505,0.02081826621170143,0.039001190139289627,8222,1294,6928,False,1.05
amr_probe0008,18504,0.08,0.08,2.90750004e-06,2.9021720141655575e-06,0.998167488990149,radian,1.0,1.0,2,106,5,12,3,25,76,35,1.0171822652183304,1.2517283229146832,0.5808673916793627,71.71875,33.28125,12,38,17,158807.9285927944,6564.979995661482,6911.84833135811,172284.75691981398,radial,geometry,3.0856586762722795,1.387981361516613,109.21870941210348,109.21873251114346,109.22752258900086,109.2275112817782,109.22752258900086,0.0007071697376324071,0.016643605894644527,0.01580357282364936,0.013974450948697049,0.025639687227868357,8285,1285,7000,False,1.05
amr_probe0009,22016,0.09,0.09,2.81998352e-06,2.814827691626044e-06,0.9981716813813309,radian,1.0,1.0,2,106,15,12,3,35,76,35,1.0244111330764718,1.2517283229146832,0.5808673916793627,71.71875,33.28125,17,38,17,163361.54908040838,6949.325977214473,7319.891289984231,177630.76634760707,radial,geometry,3.7589289623572744,1.3789386753483863,116.46107172840374,116.46109412518543,116.46922935449692,116.46921824378954,116.46922935449692,0.0007359127509849461,0.016761887968378426,0.015915884985918678,0.01084939653354403,0.019647449827657815,8376,1272,7104,False,1.05
amr_probe0010,25586,0.1,0.1,2.79078706e-06,2.7856894442199237e-06,0.9981734128507546,radian,1.0,1.0,2,106,19,12,3,39,76,35,1.0273842912380753,1.2517283229146832,0.5808673916793627,71.71875,33.28125,19,38,17,164914.03635301781,7097.722952628789,7477.020765462473,179488.7800711091,radial,geometry,4.008454312705141,1.375533085144121,119.30360679606268,119.30362888246509,119.31153076892288,119.31151968118763,119.31153076892288,0.000747734453416804,0.016810536155037043,0.015962077810085785,0.009826860084126879,0.01770792015260837,8453,1261,7192,False,1.05
amr_probe0011,29174,0.11,0.11,2.78445439e-06,2.7793675494768668e-06,0.9981731284443365,radian,1.0,1.0,2,106,19,13,3,39,77,35,1.0273842912380753,1.2680907846521299,0.5808673916793627,72.65624999999999,33.28125,19,38,17,165314.96518880985,7128.948240513487,7453.128289433921,179897.04171875725,radial,geometry,4.039563020805369,1.375204393741199,119.5800372386757,119.58010153061801,119.58790981559609,119.58791510919517,119.58791510919517,0.000747734453416804,0.016810536155036814,0.016046219092899005,0.009724040945799251,0.017514267652799398,8509,1253,7256,False,1.05
amr_probe0012,32768,0.12,0.12,2.78181096e-06,2.7767289815059663e-06,0.9981731402431336,radian,1.0,1.0,2,106,19,13,3,39,77,35,1.0273842912380753,1.2680907846521299,0.5808673916793627,72.65624999999999,33.28125,19,38,17,165471.0508123778,7136.232633030026,7460.70422288225,180067.98766829006,radial,geometry,4.032201685684279,1.375092305777344,119.70402503834633,119.70408907992754,119.71188827311511,119.71189354651952,119.71189354651952,0.000747734453416804,0.016810536155036814,0.016046219092899005,0.009706429564819536,0.01747969749274883,8593,1241,7352,False,1.05
amr_probe0013,36363,0.13,0.13,2.78189822e-06,2.7770239679377303e-06,0.9982478682982624,radian,1.0,1.0,2,106,19,13,3,39,77,35,1.0273842912380753,1.2680907846521299,0.5808673916793627,72.65624999999999,33.28125,19,38,17,165452.79903764778,7135.8079263686905,7460.253172869293,180048.86013688578,radial,geometry,4.02449803206283,1.375121275480535,119.69802401754723,119.69808795185617,119.70588804140195,119.70589330130956,119.70589330130956,0.000747734453416804,0.016810536155036814,0.016046219092899005,0.009709912215755753,0.01748670595711084,8649,1233,7416,False,1.05
amr_probe0014,39957,0.14,0.14,2.78327759e-06,2.778293238858202e-06,0.9982091792928933,radian,1.0,1.0,2,113,1,13,3,41,77,35,1.0288887329583498,1.2680907846521299,0.5808673916793627,72.65624999999999,33.28125,20,38,17,165297.82649807417,7171.309562337998,7497.468258678914,179966.60431909107,radial,geometry,4.133124449169566,1.3737932398549442,120.46266219259002,120.46272576406906,120.47046125848352,120.47046622690542,120.47046622690542,0.0007537163290440851,0.016835152525121026,0.016069716241591956,0.009345879212504371,0.016798620334515346,8705,1225,7480,False,1.05
amr_probe0015,43549,0.15,0.15,2.78602461e-06,2.7809374106389223e-06,0.9981740292807114,radian,1.0,1.0,2,113,1,13,3,41,77,35,1.0288887329583498,1.2680907846521299,0.5808673916793627,72.65624999999999,33.28125,20,38,17,165140.25142519156,7164.659910140716,7490.577080613304,179795.48841594555,radial,geometry,4.124788786428269,1.3738335375849258,120.35215571801463,120.35221926730546,120.35996247161258,120.35996739084716,120.35996739084716,0.0007537163290440851,0.016835152525121026,0.016069716241591956,0.009365031092536934,0.016834032162431123,8789,1213,7576,False,1.05
amr_probe0016,47137,0.16,0.16,2.78919e-06,2.784097028389819e-06,0.9981740320271544,radian,1.0,1.0,2,113,1,13,3,41,77,35,1.0288887329583498,1.2680907846521299,0.5808673916793627,72.65624999999999,33.28125,20,38,17,164952.53604964566,7156.64795667488,7482.2579949572455,179591.44200127778,radial,geometry,4.116818781657464,1.373904342781884,120.21857479636843,120.21863835713683,120.22639108605603,120.22639596379067,120.22639596379067,0.0007537163290440851,0.016835152525121026,0.016069716241591956,0.009387738343366942,0.016876588839107934,8873,1201,7672,False,1.05
amr_probe0017,50721,0.17,0.17,2.79241311e-06,2.78731426122679e-06,0.9981740349395473,radian,1.0,1.0,2,113,1,13,3,41,77,35,1.0288887329583498,1.2680907846521299,0.5808673916793627,72.65624999999999,33.28125,20,38,17,164761.90561227823,7148.471901087107,7473.77265416305,179384.1501675284,radial,geometry,4.109623298498718,1.3739911081313245,120.08203392845141,120.08209752577865,120.08986013842764,120.08986497631057,120.08986497631057,0.0007537163290440851,0.016835152525121026,0.016069716241591956,0.009410892022358407,0.016920349747202724,8922,1194,7728,False,1.05
amr_probe0018,54301,0.18,0.18,2.795469e-06,2.7904108887691615e-06,0.9981906037123508,radian,1.0,1.0,2,113,1,13,3,41,77,35,1.0288887329583498,1.2680907846521299,0.5808673916793627,72.65624999999999,33.28125,20,38,17,164578.76528262513,7140.605002631941,7465.710310722096,179185.08059597915,radial,geometry,4.103064157470752,1.3740852629601186,119.95051762808274,119.95058133055855,119.95835353178309,119.95835826963253,119.95835826963253,0.0007537163290440851,0.016835152525121026,0.016069716241591956,0.009433309316189332,0.016962979596403374,8957,1189,7768,False,1.05
amr_probe0019,57877,0.19,0.19,2.79853509e-06,2.793546498665702e-06,0.9982174276277173,radian,1.0,1.0,2,113,1,13,3,41,77,35,1.0288887329583498,1.2680907846521299,0.5808673916793627,72.65624999999999,33.28125,20,38,17,164393.64806604636,7132.725321813255,7457.58132304924,178983.95471090885,radial,geometry,4.095310473963035,1.3741638089273525,119.81871098430169,119.81877479504678,119.82655643626885,119.82656108477586,119.82656108477586,0.0007537163290440851,0.016835152525121026,0.016069716241591956,0.009455463853090741,0.01700476178941619,9034,1178,7856,False,1.05
amr_probe0020,61449,0.2,0.2,2.80140955e-06,2.7964884257630057e-06,0.9982433399511348,radian,1.0,1.0,2,113,1,13,3,41,77,35,1.0288887329583498,1.2680907846521299,0.5808673916793627,72.65624999999999,33.28125,20,38,17,164220.59682871407,7125.253489667251,7449.811910607824,178795.66222898915,radial,geometry,4.089380219522678,1.3742374610035963,119.69414370216806,119.6942075281352,119.70199821228765,119.70200282027272,119.70200282027272,0.0007537163290440851,0.016835152525121026,0.016069716241591956,0.009476251820945778,0.017043973883161787,9069,1173,7896,False,1.05
amr_probe0021,65017,0.21,0.21,2.80403314e-06,2.7990559960736348e-06,0.9982250053127527,radian,1.0,1.0,2,106,19,13,3,39,77,35,1.0273842912380753,1.2680907846521299,0.5808673916793627,72.65624999999999,33.28125,19,38,17,164148.23730079454,7080.43404757359,7402.98185948948,178631.65320785763,radial,geometry,3.9699071993055615,1.3756603756353052,118.77666460465359,118.77672874102085,118.78459626378199,118.78460106786474,118.78460106786474,0.000747734453416804,0.016810536155036814,0.016046219092899005,0.00987440203223317,0.017796883703138026,9160,1160,8000,False,1.05
amr_probe0022,68582,0.22,0.22,2.80640215e-06,2.8013348248871267e-06,0.998194369572845,radian,1.0,1.0,2,106,19,13,3,39,77,35,1.0273842912380753,1.2680907846521299,0.5808673916793627,72.65624999999999,33.28125,19,38,17,164014.6243239423,7074.6642325153925,7397.051440456605,178486.33999691426,radial,geometry,3.9656964873105514,1.375718844586485,118.68090163948541,118.68096581219979,118.68884041640845,118.68884515876915,118.68884515876915,0.000747734453416804,0.016810536155036814,0.016046219092899005,0.009891420775811382,0.017829072475999526,9209,1153,8056,False,1.05
amr_probe0023,72144,0.23,0.23,2.80846205e-06,2.8033314754132587e-06,0.9981731728984049,radian,1.0,1.0,2,106,19,13,3,39,77,35,1.0273842912380753,1.2680907846521299,0.5808673916793627,72.65624999999999,33.28125,19,38,17,163897.74262045274,7069.604969274357,7391.866932448309,178359.21452217543,radial,geometry,3.961979675236504,1.3757871954550183,118.59715067251409,118.59721488098162,118.60509588887254,118.60510056262632,118.60510056262632,0.000747734453416804,0.016810536155036814,0.016046219092899005,0.00990634353291862,0.017857744770779078,9230,1150,8080,False,1.05
amr_probe0024,75704,0.24,0.24,2.81031354e-06,2.8051795843589458e-06,0.998173173360203,radian,1.0,1.0,2,106,19,13,3,39,77,35,1.0273842912380753,1.2680907846521299,0.5808673916793627,72.65624999999999,33.28125,19,38,17,163789.80179734726,7064.896022005611,7387.010051290514,178241.70787064338,radial,geometry,3.9591556409548763,1.3758181417626925,118.51919584010531,118.51926005698992,118.52714668239263,118.52715131068243,118.52715131068243,0.000747734453416804,0.016810536155036814,0.016046219092899005,0.009920146800692507,0.017883431831181077,9321,1137,8184,False,1.05
amr_probe0025,79262,0.25,0.25,2.81183505e-06,2.8066983174864107e-06,0.9981731743070814,radian,1.0,1.0,2,106,19,13,3,39,77,35,1.0273842912380753,1.2680907846521299,0.5808673916793627,72.65624999999999,33.28125,19,38,17,163701.22964887918,7061.01797828995,7383.011834768332,178145.25946193747,radial,geometry,3.9571211972336786,1.3758510108103459,118.4549486582149,118.4550128825385,118.46290422889598,118.46290881791627,118.46290881791627,0.000747734453416804,0.016810536155036814,0.016046219092899005,0.00993164055715169,0.017905007560112225,9370,1130,8240,False,1.05
amr_probe0026,82818,0.26,0.26,2.81314967e-06,2.8080105335165563e-06,0.9981731734581175,radian,1.0,1.0,2,106,19,13,3,39,77,35,1.0273842912380753,1.2680907846521299,0.5808673916793627,72.65624999999999,33.28125,19,38,17,163624.74543045642,7057.666501172903,7379.598175517572,178062.0101071469,radial,geometry,3.9553116963892414,1.3758745563685295,118.399517989552,118.39958223793177,118.40747759353161,118.40748211987533,118.40748211987533,0.000747734453416804,0.016810536155036814,0.016046219092899005,0.009941706136518942,0.017923767495144606,9391,1127,8264,False,1.05
amr_probe0027,86372,0.27,0.27,2.8143624e-06,2.8092210431132563e-06,0.9981731716971688,radian,1.0,1.0,2,106,19,13,3,39,77,35,1.0273842912380753,1.2680907846521299,0.5808673916793627,72.65624999999999,33.28125,19,38,17,163554.2189270018,7054.574387999152,7376.4888420365005,177985.28215703747,radial,geometry,3.9534499113694412,1.3759084761049225,118.34858722270219,118.34865150342948,118.35655068812474,118.35655512777755,118.35655512777755,0.000747734453416804,0.016810536155036814,0.016046219092899005,0.00995107296549615,0.01794153942506591,9433,1121,8312,False,1.05
