frame,it,time,dt_log,dt_pred_min,dt_ratio,r,theta_deg,phi_deg,level,block_id,dominant_direction,dominant_physics,C_r,C_th,C_ph,C_sum,frac_C_r,frac_C_th,frac_C_ph,v_abs,c_s,v_A,cf_max,cf_over_v,n1,n2,nleafs,in_pole_guard_1deg,angle_mode_used
amr_probe0000,0,0.0,6.05286566e-06,6.0536631606876e-06,1.000131755887607,1.0009640255427774,78.28125,140.15625,2,1125,radial,geometry,76538.57143573857,2996.1186043303082,3059.928578124603,82594.61861819348,0.9266774605443736,0.03627498564017027,0.0370475538154562,0.13944982363710778,1.452564089078433,49.050132964550265,49.07162821095124,351.8945161139179,1468.0,5536.0,7004.0,False,radian
amr_probe0001,1688,0.01,5.79859385e-06,5.787920200735768e-06,0.9981592693780007,1.0022571051374896,79.21875,141.09375,2,1146,radial,geometry,79986.22407149688,3183.2293261638365,3217.363050921167,86386.81644858189,0.9259077641679887,0.03684855464095635,0.03724368119105497,0.4993237944796554,1.4474976488766271,51.707381680390014,51.72762371583819,103.59535092803553,1339.0,6568.0,7907.0,False,radian
amr_probe0002,3454,0.02,5.49765608e-06,5.507799179928851e-06,1.0018449862598264,1.002907521602895,70.78124999999999,31.40625,2,105,radial,geometry,83909.1653794202,3335.016567631536,3536.1794397733597,90780.3613868251,0.9243096645305698,0.03673720303250021,0.038953132436929945,0.5641904533978229,1.4412600155170021,54.43554779186263,54.4546175535482,96.51814777367576,1322.0,6704.0,8026.0,False,radian
amr_probe0003,5339,0.03,5.09594829e-06,5.086580481823111e-06,0.9981617144359036,1.0035605293689596,70.78124999999999,31.40625,2,105,radial,geometry,90893.90100745017,3595.307216866318,3808.656478060542,98297.86470237703,0.9246782855625162,0.03657563903093997,0.03874607540654382,0.6980699698166711,1.4360428580369131,58.764667556013926,58.78220565396599,84.2067531846464,1316.0,6752.0,8068.0,False,radian
amr_probe0004,7397,0.04,4.62726705e-06,4.632420012593353e-06,1.0011136082135896,1.0035605293689596,71.71875,31.40625,2,105,radial,geometry,99857.77702277612,3935.230222094731,4141.937911383789,107934.94515625465,0.9251663293867856,0.03645927846998763,0.03837439214322675,0.7746149256188848,1.4307558028112572,64.45510716848757,64.47093980836321,83.22966376726299,1310.0,6800.0,8110.0,False,radian
amr_probe0005,9678,0.05,4.14872605e-06,4.141096334468958e-06,0.9981609497857681,1.004874380994281,71.71875,31.40625,2,105,radial,geometry,111693.05493689091,4411.488046493232,4636.429845039213,120740.97282842336,0.9250634007695978,0.03653679395777349,0.03839980527262873,1.1615081275750716,1.4229942817211585,72.36799654124188,72.38194514501568,62.317209347583685,1303.0,6856.0,8159.0,False,radian
amr_probe0006,12246,0.06,3.64383625e-06,3.6371357711077283e-06,0.9981611470898913,1.0061987434326054,72.65624999999999,32.34374999999999,2,105,radial,geometry,127155.62984651713,5028.906349382389,5286.273657239343,137470.80985313884,0.9249645796250019,0.03658163034577893,0.03845379002921938,1.6728631344235594,1.4142466744080926,82.72903985770408,82.74104680358465,49.46073895764093,1300.0,6880.0,8180.0,False,radian
amr_probe0007,15192,0.07,3.17569913e-06,3.171467039093307e-06,0.9986673514292606,1.0088793377669698,72.65624999999999,33.28125,2,105,radial,geometry,145732.69418749952,5817.262508229661,6105.788685419508,157655.7453811487,0.924372872267839,0.036898512605207254,0.03872861512695364,2.2500320215747664,1.4025272261631416,96.00498031891372,96.01518789947674,42.67280953285146,1294.0,6928.0,8222.0,False,radian
amr_probe0008,18504,0.08,2.90750004e-06,2.9021720141655575e-06,0.998167488990149,1.0171822652183304,71.71875,33.28125,2,106,radial,geometry,158807.9285927944,6564.979995661482,6911.84833135811,172284.75691981398,0.9217758519792203,0.03810540243393095,0.040118745586848824,3.0856586762722795,1.387981361516613,109.21870941210348,109.22752258900086,35.39844618230956,1285.0,7000.0,8285.0,False,radian
amr_probe0009,22016,0.09,2.81998352e-06,2.814827691626044e-06,0.9981716813813309,1.0244111330764718,71.71875,33.28125,2,106,radial,geometry,163361.54908040838,6949.325977214473,7319.891289984231,177630.76634760707,0.9196692241969212,0.03912231039759904,0.041208465405479795,3.7589289623572744,1.3789386753483863,116.46107172840374,116.46922935449692,30.984684871899656,1272.0,7104.0,8376.0,False,radian
amr_probe0010,25586,0.1,2.79078706e-06,2.7856894442199237e-06,0.9981734128507546,1.0273842912380753,71.71875,33.28125,2,106,radial,geometry,164914.03635301781,7097.722952628789,7477.020765462473,179488.7800711091,0.918798580544605,0.039544103814270974,0.04165731564112397,4.008454312705141,1.375533085144121,119.30360679606268,119.31153076892288,29.764972096789204,1261.0,7192.0,8453.0,False,radian
amr_probe0011,29174,0.11,2.78445439e-06,2.7793675494768668e-06,0.9981731284443365,1.0273842912380753,72.65624999999999,33.28125,2,106,radial,geometry,165314.96518880985,7128.948240513487,7453.128289433921,179897.04171875725,0.9189420993773519,0.03962793480316678,0.041429965819481336,4.039563020805369,1.375204393741199,119.5800372386757,119.58791510919517,29.604171167343956,1253.0,7256.0,8509.0,False,radian
amr_probe0012,32768,0.12,2.78181096e-06,2.7767289815059663e-06,0.9981731402431336,1.0273842912380753,72.65624999999999,33.28125,2,106,radial,geometry,165471.0508123778,7136.232633030026,7460.70422288225,180067.98766829006,0.9189365247819516,0.03963076794180621,0.04143270727624219,4.032201685684279,1.375092305777344,119.70402503834633,119.71189354651952,29.688964709165827,1241.0,7352.0,8593.0,False,radian
amr_probe0013,36363,0.13,2.78189822e-06,2.7770239679377303e-06,0.9982478682982624,1.0273842912380753,72.65624999999999,33.28125,2,106,radial,geometry,165452.79903764778,7135.8079263686905,7460.253172869293,180048.86013688578,0.9189327769798651,0.039632619284251776,0.041434603735883056,4.02449803206283,1.375121275480535,119.69802401754723,119.70589330130956,29.744304096466937,1233.0,7416.0,8649.0,False,radian
amr_probe0014,39957,0.14,2.78327759e-06,2.778293238858202e-06,0.9982091792928933,1.0288887329583498,72.65624999999999,33.28125,2,113,radial,geometry,165297.82649807417,7171.309562337998,7497.468258678914,179966.60431909107,0.9184916675151111,0.03984800174160566,0.04166033074328321,4.133124449169566,1.3737932398549442,120.46266219259002,120.47046622690542,29.147553553852106,1225.0,7480.0,8705.0,False,radian
amr_probe0015,43549,0.15,2.78602461e-06,2.7809374106389223e-06,0.9981740292807114,1.0288887329583498,72.65624999999999,33.28125,2,113,radial,geometry,165140.25142519156,7164.659910140716,7490.577080613304,179795.48841594555,0.9184894063812656,0.039848941557230434,0.04166165206150404,4.124788786428269,1.3738335375849258,120.35215571801463,120.35996739084716,29.179668007939163,1213.0,7576.0,8789.0,False,radian
amr_probe0016,47137,0.16,2.78919e-06,2.784097028389819e-06,0.9981740320271544,1.0288887329583498,72.65624999999999,33.28125,2,113,radial,geometry,164952.53604964566,7156.64795667488,7482.2579949572455,179591.44200127778,0.9184877308823659,0.039849604618821206,0.04166266449881286,4.116818781657464,1.373904342781884,120.21857479636843,120.22639596379067,29.203713435106938,1201.0,7672.0,8873.0,False,radian
amr_probe0017,50721,0.17,2.79241311e-06,2.78731426122679e-06,0.9981740349395473,1.0288887329583498,72.65624999999999,33.28125,2,113,radial,geometry,164761.90561227823,7148.471901087107,7473.77265416305,179384.1501675284,0.9184864184400109,0.039850075351758156,0.041663506208230935,4.109623298498718,1.3739911081313245,120.08203392845141,120.08986497631057,29.221623553716093,1194.0,7728.0,8922.0,False,radian
amr_probe0018,54301,0.18,2.795469e-06,2.7904108887691615e-06,0.9981906037123508,1.0288887329583498,72.65624999999999,33.28125,2,113,radial,geometry,164578.76528262513,7140.605002631941,7465.710310722096,179185.08059597915,0.9184847574096424,0.03985044390348743,0.04166479868687028,4.103064157470752,1.3740852629601186,119.95051762808274,119.95835826963253,29.236286264550724,1189.0,7768.0,8957.0,False,radian
amr_probe0019,57877,0.19,2.79853509e-06,2.793546498665702e-06,0.9982174276277173,1.0288887329583498,72.65624999999999,33.28125,2,113,radial,geometry,164393.64806604636,7132.725321813255,7457.58132304924,178983.95471090885,0.9184825999155709,0.03985119969739122,0.04166620038703788,4.095310473963035,1.3741638089273525,119.81871098430169,119.82656108477586,29.259457090397255,1178.0,7856.0,9034.0,False,radian
amr_probe0020,61449,0.2,2.80140955e-06,2.7964884257630057e-06,0.9982433399511348,1.0288887329583498,72.65624999999999,33.28125,2,113,radial,geometry,164220.59682871407,7125.253489667251,7449.811910607824,178795.66222898915,0.9184819966067838,0.03985137782896387,0.04166662556425233,4.089380219522678,1.3742374610035963,119.69414370216806,119.70200282027272,29.271429017242284,1173.0,7896.0,9069.0,False,radian
amr_probe0021,65017,0.21,2.80403314e-06,2.7990559960736348e-06,0.9982250053127527,1.0273842912380753,72.65624999999999,33.28125,2,106,radial,geometry,164148.23730079454,7080.43404757359,7402.98185948948,178631.65320785763,0.9189202157234136,0.03963706275132954,0.04144272152525674,3.9699071993055615,1.3756603756353052,118.77666460465359,118.78460106786474,29.921253849118493,1160.0,8000.0,9160.0,False,radian
amr_probe0022,68582,0.22,2.80640215e-06,2.8013348248871267e-06,0.998194369572845,1.0273842912380753,72.65624999999999,33.28125,2,106,radial,geometry,164014.6243239423,7074.6642325153925,7397.051440456605,178486.33999691426,0.9189197578188776,0.03963700657785745,0.04144323560326514,3.9656964873105514,1.375718844586485,118.68090163948541,118.68884515876915,29.928877698671624,1153.0,8056.0,9209.0,False,radian
amr_probe0023,72144,0.23,2.80846205e-06,2.8033314754132587e-06,0.9981731728984049,1.0273842912380753,72.65624999999999,33.28125,2,106,radial,geometry,163897.74262045274,7069.604969274357,7391.866932448309,178359.21452217543,0.9189194012741927,0.03963689225820958,0.041443706467597596,3.961979675236504,1.3757871954550183,118.59715067251409,118.60510056262632,29.935817516667694,1150.0,8080.0,9230.0,False,radian
amr_probe0024,75704,0.24,2.81031354e-06,2.8051795843589458e-06,0.998173173360203,1.0273842912380753,72.65624999999999,33.28125,2,106,radial,geometry,163789.80179734726,7064.896022005611,7387.010051290514,178241.70787064338,0.9189196162562333,0.039636604173097736,0.04144377957066895,3.9591556409548763,1.3758181417626925,118.51919584010531,118.52715131068243,29.93748214508077,1137.0,8184.0,9321.0,False,radian
amr_probe0025,79262,0.25,2.81183505e-06,2.8066983174864107e-06,0.9981731743070814,1.0273842912380753,72.65624999999999,33.28125,2,106,radial,geometry,163701.22964887918,7061.01797828995,7383.011834768332,178145.25946193747,0.9189199316519314,0.039636294558815406,0.04144377378925307,3.9571211972336786,1.3758510108103459,118.4549486582149,118.46290881791627,29.936639014425598,1130.0,8240.0,9370.0,False,radian
amr_probe0026,82818,0.26,2.81314967e-06,2.8080105335165563e-06,0.9981731734581175,1.0273842912380753,72.65624999999999,33.28125,2,106,radial,geometry,163624.74543045642,7057.666501172903,7379.598175517572,178062.0101071469,0.9189200174253732,0.0396360037546809,0.041443978819945805,3.9553116963892414,1.3758745563685295,118.399517989552,118.40748211987533,29.936321384726305,1127.0,8264.0,9391.0,False,radian
amr_probe0027,86372,0.27,2.8143624e-06,2.8092210431132563e-06,0.9981731716971688,1.0273842912380753,72.65624999999999,33.28125,2,106,radial,geometry,163554.2189270018,7054.574387999152,7376.4888420365005,177985.28215703747,0.9189199069993718,0.03963571764195008,0.04144437535867815,3.9534499113694412,1.3759084761049225,118.34858722270219,118.35655512777755,29.937537538392604,1121.0,8312.0,9433.0,False,radian
