frame,it,time,dt_log,flux_residual_flag,flux_residual_used,jg_max,rg_max,jl_max,rl_max,frac_g_gt_0p30,frac_l_gt_0p30
amr_probe0000,0,0.0,6.05286566e-06,True,1.0,6.075356603799725e-06,18.76902890625,5.1273611178763205e-06,2.2983632812500003,0.0,0.0
amr_probe0001,1688,0.01,5.79859385e-06,True,1.0,0.6877716683996216,1.03709609375,0.30236567056862007,1.03709609375,0.00392156862745098,0.005813953488372093
amr_probe0002,3454,0.02,5.49765608e-06,True,1.0,0.5593076559073501,1.11128828125,0.39999669190947845,1.11128828125,0.00392156862745098,0.011627906976744186
amr_probe0003,5339,0.03,5.09594829e-06,True,1.0,0.4697284158414788,1.18548046875,0.49560352497680005,1.11128828125,0.00784313725490196,0.005813953488372093
amr_probe0004,7397,0.04,4.62726705e-06,True,1.0,0.7019250067327635,1.18548046875,0.562528651107408,1.11128828125,0.00392156862745098,0.011627906976744186
amr_probe0005,9678,0.05,4.14872605e-06,True,1.0,0.7422975399133287,1.18548046875,0.571075088921984,1.11128828125,0.00784313725490196,0.011627906976744186
amr_probe0006,12246,0.06,3.64383625e-06,True,1.0,0.7140750653941488,1.25967265625,0.5341928716893051,1.11128828125,0.00784313725490196,0.011627906976744186
amr_probe0007,15192,0.07,3.17569913e-06,True,1.0,0.890644611349438,1.25967265625,0.5637099334224883,1.18548046875,0.00784313725490196,0.011627906976744186
amr_probe0008,18504,0.08,2.90750004e-06,True,1.0,1.01309729972523,1.25967265625,0.5992277594124037,1.18548046875,0.00784313725490196,0.01744186046511628
amr_probe0009,22016,0.09,2.81998352e-06,True,1.0,1.0446096862407048,1.25967265625,0.5920178370107904,1.18548046875,0.011764705882352941,0.011627906976744186
amr_probe0010,25586,0.1,2.79078706e-06,True,1.0,1.071482611651843,1.33386484375,0.5269851296070871,1.18548046875,0.01568627450980392,0.01744186046511628
amr_probe0011,29174,0.11,2.78445439e-06,True,1.0,1.4038491762086285,1.33386484375,0.7051316518066786,1.03709609375,0.023529411764705882,0.023255813953488372
amr_probe0012,32768,0.12,2.78181096e-06,True,1.0,1.8514333148577253,1.33386484375,0.9989341614310775,1.03709609375,0.023529411764705882,0.029069767441860465
amr_probe0013,36363,0.13,2.78189822e-06,True,1.0,2.44851756519723,1.33386484375,1.0715530883458235,1.03709609375,0.0196078431372549,0.023255813953488372
amr_probe0014,39957,0.14,2.78327759e-06,True,1.0,3.5990638882351367,1.33386484375,1.000735097951732,1.03709609375,0.023529411764705882,0.023255813953488372
amr_probe0015,43549,0.15,2.78602461e-06,True,1.0,8.387315413456474,1.33386484375,0.8647652990904731,1.03709609375,0.03137254901960784,0.023255813953488372
amr_probe0016,47137,0.16,2.78919e-06,True,1.0,8.60954199346443,1.33386484375,0.7046225723763708,1.03709609375,0.027450980392156862,0.029069767441860465
amr_probe0017,50721,0.17,2.79241311e-06,True,1.0,6.714723997883687,1.40805703125,0.5627591280185112,1.33386484375,0.023529411764705882,0.03488372093023256
amr_probe0018,54301,0.18,2.795469e-06,True,1.0,32.37368428737631,1.40805703125,0.567340849596378,1.11128828125,0.027450980392156862,0.029069767441860465
amr_probe0019,57877,0.19,2.79853509e-06,True,1.0,12.614365752903504,1.03709609375,0.7261198925447191,1.11128828125,0.027450980392156862,0.023255813953488372
amr_probe0020,61449,0.2,2.80140955e-06,True,1.0,17.161900596497524,1.03709609375,0.8222110676015808,1.11128828125,0.03137254901960784,0.023255813953488372
amr_probe0021,65017,0.21,2.80403314e-06,True,1.0,14.678481897119758,1.48224921875,0.8438753039909106,1.11128828125,0.023529411764705882,0.029069767441860465
amr_probe0022,68582,0.22,2.80640215e-06,True,1.0,8.991945966203014,1.48224921875,0.8182067187856997,1.11128828125,0.027450980392156862,0.023255813953488372
amr_probe0023,72144,0.23,2.80846205e-06,True,1.0,3.1698062012237918,1.48224921875,0.7630134266365675,1.11128828125,0.023529411764705882,0.023255813953488372
amr_probe0024,75704,0.24,2.81031354e-06,True,1.0,4.434237298842543,1.55644140625,0.6903878456234466,1.11128828125,0.023529411764705882,0.023255813953488372
