frame,it,time,neg_rho_or_p,nan_inf,divb_flag,flux_residual_flag,gate_failed,divb_median,divb_p999
amr_probe0000,0,0.0,False,False,False,True,True,2.134440047529548,2.134440047529548
amr_probe0001,1688,0.01,False,False,False,True,True,19.51585431834862,19.51585431834862
amr_probe0002,3454,0.02,False,False,False,True,True,9.348414236285699,9.348414236285699
amr_probe0003,5339,0.03,False,False,False,True,True,6.9571803125207055,6.9571803125207055
amr_probe0004,7397,0.04,False,False,False,True,True,6.852751480420018,6.852751480420018
amr_probe0005,9678,0.05,False,False,False,True,True,4.028073078647125,4.028073078647125
amr_probe0006,12246,0.06,False,False,False,True,True,2.036191999232429,2.036191999232429
amr_probe0007,15192,0.07,False,False,False,True,True,0.11819166069580689,0.11819166069580689
amr_probe0008,18504,0.08,False,False,False,True,True,0.4841353356341074,0.4841353356341074
amr_probe0009,22016,0.09,False,False,False,True,True,0.605863212627078,0.605863212627078
amr_probe0010,25586,0.1,False,False,False,True,True,0.49827284799540195,0.49827284799540195
amr_probe0011,29174,0.11,False,False,False,True,True,0.21519750048559416,0.21519750048559416
amr_probe0012,32768,0.12,False,False,False,True,True,0.17069714362089172,0.17069714362089172
amr_probe0013,36363,0.13,False,False,False,True,True,0.15514454446417147,0.15514454446417147
amr_probe0014,39957,0.14,False,False,False,True,True,0.20803839994167106,0.20803839994167106
amr_probe0015,43549,0.15,False,False,False,True,True,0.21183180605527951,0.21183180605527951
amr_probe0016,47137,0.16,False,False,False,True,True,0.22132356630449124,0.22132356630449124
amr_probe0017,50721,0.17,False,False,False,True,True,0.2340497863958788,0.2340497863958788
amr_probe0018,54301,0.18,False,False,False,True,True,0.24908582233462084,0.24908582233462084
amr_probe0019,57877,0.19,False,False,False,True,True,0.2653172397516883,0.2653172397516883
amr_probe0020,61449,0.2,False,False,False,True,True,0.27829614220461707,0.27829614220461707
amr_probe0021,65017,0.21,False,False,False,True,True,0.24572772721689518,0.24572772721689518
amr_probe0022,68582,0.22,False,False,False,True,True,0.26035629224875834,0.26035629224875834
amr_probe0023,72144,0.23,False,False,False,True,True,0.27400638344926165,0.27400638344926165
amr_probe0024,75704,0.24,False,False,False,True,True,0.28539236377052646,0.28539236377052646
amr_probe0025,79262,0.25,False,False,False,False,False,0.2954736247965073,0.2954736247965073
amr_probe0026,82818,0.26,False,False,False,False,False,0.3059284319697255,0.3059284319697255
amr_probe0027,86372,0.27,False,False,False,False,False,0.31709565363721737,0.31709565363721737
