frame,it,time,dt_pred_min,rho,p,v_abs,b_abs,v_A,rho_ratio_to_initial,shell_percentile,flux_jump,persistence_frames,score,S1,S2,S3,S4,gate_failed,final_label
amr_probe0000,0,0.0,6.0536631606876e-06,0.09947294957078648,0.19988780687920044,0.13944982363710778,15.470084536419757,49.050132964550265,1.0,0.0,0.0,0,30,0,30,0,0,True,NUMERICAL_DOMINANT
amr_probe0001,1688,0.01,5.787920200735768e-06,0.08598753999519115,0.17158604316490234,0.4993237944796554,15.162482376165997,51.707381680390014,0.8644313892994708,5.0,0.019883676752353942,0,0,0,0,0,0,True,NUMERICAL_DOMINANT
amr_probe0002,3454,0.02,5.507799179928851e-06,0.07162729908771655,0.14170133852425656,0.5641904533978229,14.568736392155555,54.43554779186263,0.7200681129571358,10.0,0.039158890297788865,0,0,0,0,0,0,True,NUMERICAL_DOMINANT
amr_probe0003,5339,0.03,5.086580481823111e-06,0.060767647194620744,0.11934876391081196,0.6980699698166711,14.48613387366275,58.764667556013926,0.6108962030062007,10.0,0.005669847835072536,0,0,0,0,0,0,True,NUMERICAL_DOMINANT
amr_probe0004,7397,0.04,4.632420012593353e-06,0.05048532058459075,0.09842532359202023,0.7746149256188848,14.482378512131156,64.45510716848757,0.5075281350601213,10.0,0.00025923835609593346,0,0,0,0,0,0,True,NUMERICAL_DOMINANT
amr_probe0005,9678,0.05,4.141096334468958e-06,0.039138672089969274,0.07547847160602583,1.1615081275750716,14.316919827540978,72.36799654124188,0.39346045592141204,15.0,0.011424828073066946,1,20,20,0,0,0,True,NUMERICAL_DOMINANT
amr_probe0006,12246,0.06,3.6371357711077283e-06,0.029383947584013394,0.055972044907815606,1.6728631344235594,14.181202361130998,82.72903985770408,0.29539636364259336,20.0,0.00947951570902181,2,20,20,0,0,0,True,NUMERICAL_DOMINANT
amr_probe0007,15192,0.07,3.171467039093307e-06,0.02081826621170143,0.039001190139289627,2.2500320215747664,13.85211351352425,96.00498031891372,0.20928570331461652,30.0,0.023205990523676726,3,20,20,0,0,0,True,NUMERICAL_DOMINANT
amr_probe0008,18504,0.08,2.9021720141655575e-06,0.013974450948697049,0.025639687227868357,3.0856586762722795,12.911134851517755,109.21870941210348,0.14048493594484815,60.0,0.06793033143193553,4,40,40,0,0,0,True,NUMERICAL_DOMINANT
amr_probe0009,22016,0.09,2.814827691626044e-06,0.01084939653354403,0.019647449827657815,3.7589289623572744,12.130636067423906,116.46107172840374,0.10906881298240213,85.0,0.060451601897884163,5,50,40,0,0,10,True,NUMERICAL_DOMINANT
amr_probe0010,25586,0.1,2.7856894442199237e-06,0.009826860084126879,0.01770792015260837,4.008454312705141,11.826628632918275,119.30360679606268,0.09878927011341847,95.0,0.02506112893140235,6,50,40,0,0,10,True,NUMERICAL_DOMINANT
amr_probe0011,29174,0.11,2.7793675494768668e-06,0.009724040945799251,0.017514267652799398,4.039563020805369,11.791853468192945,119.5800372386757,0.09775563093039152,95.0,0.0029404123359836245,7,50,40,0,0,10,True,NUMERICAL_DOMINANT
amr_probe0012,32768,0.12,2.7767289815059663e-06,0.009706429564819536,0.01747969749274883,4.032201685684279,11.79338584121145,119.70402503834633,0.09757858399395598,95.0,0.00012995183688786153,8,50,40,0,0,10,True,NUMERICAL_DOMINANT
amr_probe0013,36363,0.13,2.7770239679377303e-06,0.009709912215755753,0.01748670595711084,4.02449803206283,11.794910041261547,119.69802401754723,0.09761359502912931,95.0,0.0001292419387120353,9,50,40,0,0,10,True,NUMERICAL_DOMINANT
amr_probe0014,39957,0.14,2.778293238858202e-06,0.009345879212504371,0.016798620334515346,4.133124449169566,11.64561795684464,120.46266219259002,0.0939539769638951,100.0,0.012657331331451046,10,50,40,0,0,10,True,NUMERICAL_DOMINANT
amr_probe0015,43549,0.15,2.7809374106389223e-06,0.009365031092536934,0.016834032162431123,4.124788786428269,11.646850086778256,120.35215571801463,0.09414651051311829,100.0,0.00010580202254459067,11,50,40,0,0,10,True,NUMERICAL_DOMINANT
amr_probe0016,47137,0.16,2.784097028389819e-06,0.009387738343366942,0.016876588839107934,4.116818781657464,11.648018808465151,120.21857479636843,0.0943747861491378,100.0,0.00010034658969481593,12,50,40,0,0,10,True,NUMERICAL_DOMINANT
amr_probe0017,50721,0.17,2.78731426122679e-06,0.009410892022358407,0.016920349747202724,4.109623298498718,11.649128355351435,120.08203392845141,0.09460754972045413,100.0,9.525627529696621e-05,13,50,40,0,0,10,True,NUMERICAL_DOMINANT
amr_probe0018,54301,0.18,2.7904108887691615e-06,0.009433309316189332,0.016962979596403374,4.103064157470752,11.650221004162711,119.95051762808274,0.09483291042331508,100.0,9.379661532998981e-05,14,50,40,0,0,10,True,NUMERICAL_DOMINANT
amr_probe0019,57877,0.19,2.793546498665702e-06,0.009455463853090741,0.01700476178941619,4.095310473963035,11.651076732587326,119.81871098430169,0.09505562963488971,100.0,7.345169025623605e-05,15,50,40,0,0,10,True,NUMERICAL_DOMINANT
amr_probe0020,61449,0.2,2.7964884257630057e-06,0.009476251820945778,0.017043973883161787,4.089380219522678,11.651751095646864,119.69414370216806,0.09526461074930057,100.0,5.7879891705794144e-05,16,50,40,0,0,10,True,NUMERICAL_DOMINANT
amr_probe0021,65017,0.21,2.7990559960736348e-06,0.00987440203223317,0.017796883703138026,3.9699071993055615,11.802840229035528,118.77666460465359,0.09926720857117435,95.0,0.012967075261770036,17,50,40,0,0,10,True,NUMERICAL_DOMINANT
amr_probe0022,68582,0.22,2.8013348248871267e-06,0.009891420775811382,0.017829072475999526,3.9656964873105514,11.803482909023458,118.68090163948541,0.09943829773311884,95.0,5.445129947188243e-05,18,50,40,0,0,10,True,NUMERICAL_DOMINANT
amr_probe0023,72144,0.23,2.8033314754132587e-06,0.00990634353291862,0.017857744770779078,3.961979675236504,11.804047469178801,118.59715067251409,0.09958831597598415,95.0,4.782996338408203e-05,19,50,40,0,0,10,True,NUMERICAL_DOMINANT
amr_probe0024,75704,0.24,2.8051795843589458e-06,0.009920146800692507,0.017883431831181077,3.9591556409548763,11.80450405240225,118.51919584010531,0.09972708001016073,95.0,3.868022596826755e-05,20,50,40,0,0,10,True,NUMERICAL_DOMINANT
amr_probe0025,79262,0.25,2.8066983174864107e-06,0.00993164055715169,0.017905007560112225,3.9571211972336786,11.804937864147297,118.4549486582149,0.09984262656335713,95.0,3.6749679878251716e-05,21,50,40,0,0,10,False,MIXED_UNCERTAIN
amr_probe0026,82818,0.26,2.8080105335165563e-06,0.009941706136518942,0.017923767495144606,3.9553116963892414,11.805391532363245,118.399517989552,0.09994381567467517,95.0,3.843037728529207e-05,22,50,40,0,0,10,False,MIXED_UNCERTAIN
amr_probe0027,86372,0.27,2.8092210431132563e-06,0.00995107296549615,0.01794153942506591,3.9534499113694412,11.805870994652171,118.34858722270219,0.10003798025929465,95.0,4.061384051611563e-05,23,50,40,0,0,10,False,MIXED_UNCERTAIN
