frame,it,time,theta_deg,cap_total_cells,cap_domain_cell_frac,cap_inner_area_total,cap_inner_area_domain_frac,cap_cells_L1,cap_cell_frac_within_L1,cap_inner_area_L1,cap_inner_area_frac_within_L1,cap_cells_L2,cap_cell_frac_within_L2,cap_inner_area_L2,cap_inner_area_frac_within_L2
off0000,0,0.0,0.1,0,0.0,0.0,0.0,0,0.0,0.0,0.0,0,0.0,0.0,0.0
off0000,0,0.0,0.5,0,0.0,0.0,0.0,0,0.0,0.0,0.0,0,0.0,0.0,0.0
off0000,0,0.0,1.0,115200,0.006186417376959032,0.0033640961017790743,0.0002677062618171579,115200,1.0,0.0033640961017790743,1.0,0,0.0,0.0,0.0
off0000,0,0.0,2.0,115200,0.006186417376959032,0.0033640961017790743,0.0002677062618171579,115200,1.0,0.0033640961017790743,1.0,0,0.0,0.0,0.0
off0000,0,0.0,5.0,345600,0.018559252130877096,0.030255254623306003,0.002407636663901536,345600,1.0,0.030255254623306003,1.0,0,0.0,0.0,0.0
off0016,163513,0.19,0.1,0,0.0,0.0,0.0,0,0.0,0.0,0.0,0,0.0,0.0,0.0
off0016,163513,0.19,0.5,12800,0.0005239991616013414,0.0004906301865672811,3.9043109711140873e-05,0,0.0,0.0,0.0,12800,1.0,0.0004906301865672811,1.0
off0016,163513,0.19,1.0,124800,0.005108991825613079,0.0018923368956418954,0.00015058738546829014,112000,0.8974358974358975,0.0014017067090746143,0.7407278864047855,12800,0.10256410256410256,0.0004906301865672811,0.2592721135952145
off0016,163513,0.19,2.0,137600,0.0056329909872144205,0.0033640961017790743,0.0002677062618171582,112000,0.813953488372093,0.0014017067090746143,0.4166666666666667,25600,0.18604651162790697,0.0019623893927044602,0.5833333333333334
off0016,163513,0.19,5.0,400000,0.01637497380004192,0.024865544309721706,0.0019787371447813834,336000,0.84,0.012606356093044169,0.5069809024094216,64000,0.16,0.012259188216677536,0.4930190975905783
off0032,312821,0.35000000000000003,0.1,0,0.0,0.0,0.0,0,0.0,0.0,0.0,0,0.0,0.0,0.0
off0032,312821,0.35000000000000003,0.5,20480,0.0007919223916056226,0.0005607202132197499,4.4620696812732436e-05,0,0.0,0.0,0.0,20480,1.0,0.0005607202132197499,1.0
off0032,312821,0.35000000000000003,1.0,130560,0.005048505246485845,0.001682085580479441,0.00013385611741845182,110080,0.8431372549019608,0.0011213653672596912,0.6666517924373806,20480,0.1568627450980392,0.0005607202132197499,0.33334820756261946
off0032,312821,0.35000000000000003,2.0,151040,0.005840427638091467,0.0033640961017790743,0.0002677062618171582,110080,0.7288135593220338,0.0011213653672596912,0.33333333333333326,40960,0.2711864406779661,0.0022427307345193833,0.6666666666666667
off0032,312821,0.35000000000000003,5.0,432640,0.01672936052266878,0.02409558569349538,0.0019174657849070755,330240,0.7633136094674556,0.010085084874435334,0.41854491535176963,102400,0.23668639053254437,0.014010500819060042,0.5814550846482303
off0064,611285,0.67,0.1,0,0.0,0.0,0.0,0,0.0,0.0,0.0,0,0.0,0.0,0.0
off0064,611285,0.67,0.5,29440,0.001053692505039399,0.0005607202132197499,4.4620696812732436e-05,0,0.0,0.0,0.0,29440,1.0,0.0005607202132197499,1.0
off0064,611285,0.67,1.0,137280,0.004913413963716327,0.001682085580479441,0.00013385611741845182,107840,0.7855477855477856,0.0011213653672596912,0.6666517924373806,29440,0.21445221445221446,0.0005607202132197499,0.33334820756261946
off0064,611285,0.67,2.0,166720,0.005967106468755727,0.0033640961017790743,0.0002677062618171582,107840,0.6468330134357005,0.0011213653672596912,0.33333333333333326,58880,0.3531669865642994,0.0022427307345193833,0.6666666666666667
off0064,611285,0.67,5.0,470720,0.01684762690122778,0.02409558569349538,0.0019174657849070755,323520,0.6872875594833446,0.010085084874435334,0.41854491535176963,147200,0.3127124405166553,0.014010500819060042,0.5814550846482303
off0096,910890,0.99,0.1,0,0.0,0.0,0.0,0,0.0,0.0,0.0,0,0.0,0.0,0.0
off0096,910890,0.99,0.5,35840,0.0012336975678533663,0.0005607202132197499,4.4620696812732436e-05,0,0.0,0.0,0.0,35840,1.0,0.0005607202132197499,1.0
off0096,910890,0.99,1.0,142080,0.00489072964399013,0.001682085580479441,0.00013385611741845182,106240,0.7477477477477478,0.0011213653672596912,0.6666517924373806,35840,0.25225225225225223,0.0005607202132197499,0.33334820756261946
off0096,910890,0.99,2.0,177920,0.006124427211843497,0.0033640961017790743,0.0002677062618171582,106240,0.5971223021582733,0.0011213653672596912,0.33333333333333326,71680,0.4028776978417266,0.0022427307345193833,0.6666666666666667
off0096,910890,0.99,5.0,497920,0.017139584067677124,0.02409558569349538,0.0019174657849070755,318720,0.6401028277634961,0.010085084874435334,0.41854491535176963,179200,0.35989717223650386,0.014010500819060042,0.5814550846482303
off0112,1060673,1.1500000000000001,0.1,0,0.0,0.0,0.0,0,0.0,0.0,0.0,0,0.0,0.0,0.0
off0112,1060673,1.1500000000000001,0.5,35840,0.0012291483757682178,0.0005607202132197499,4.4620696812732436e-05,0,0.0,0.0,0.0,35840,1.0,0.0005607202132197499,1.0
off0112,1060673,1.1500000000000001,1.0,142080,0.004872695346795434,0.001682085580479441,0.00013385611741845182,106240,0.7477477477477478,0.0011213653672596912,0.6666517924373806,35840,0.25225225225225223,0.0005607202132197499,0.33334820756261946
off0112,1060673,1.1500000000000001,2.0,177920,0.006101843722563652,0.0033640961017790743,0.0002677062618171582,106240,0.5971223021582733,0.0011213653672596912,0.33333333333333326,71680,0.4028776978417266,0.0022427307345193833,0.6666666666666667
off0112,1060673,1.1500000000000001,5.0,497920,0.01707638279192274,0.02409558569349538,0.0019174657849070755,318720,0.6401028277634961,0.010085084874435334,0.41854491535176963,179200,0.35989717223650386,0.014010500819060042,0.5814550846482303
