frame,it,time,dt_log,dt_pred,level,block_id,i_cell,j_cell,k_cell,r,theta,phi,rho,p,v_abs,b_abs,v_r,v_theta,v_phi,b_r,b_theta,b_phi,c_s,v_A,cf_r,cf_theta,cf_phi,dr,r_dtheta,r_sintheta_dphi,shell_index,theta_bin,phi_bin,C_r,C_th,C_ph,C_sum,dominant_direction,dominant_physics
off0000,0,0.0,nan,1.0459068034297962e-06,1,37,0,0,13,1.000642683695185,0.0026041666666666665,0.3203125,0.09955690013652503,0.2001093692744153,0.05451279228398854,1.9690498755017412,0.05451279228398854,0.0,0.0,1.8481311535989764,-0.6313180613050524,-0.2510102722606571,1.45275600153639,6.240523658597469,6.2616207400200725,6.391227742388998,6.404847844571328,0.0012853673903698848,0.005211680644245755,1.3572069670796448e-05,0,0,61,4913.87410294149,1226.3275857943422,471913.8642761972,478054.065964933,phi,geometry
off0000,0,0.0,nan,1.0459102755892469e-06,1,37,0,0,14,1.000642683695185,0.0026041666666666665,0.3255208333333333,0.09955690013652503,0.2001093692744153,0.05451279228398854,1.9688940860299429,0.05451279228398854,0.0,0.0,1.8486728140760398,-0.6383974155636806,-0.22671896325952404,1.45275600153639,6.240029913925679,6.261013577438602,6.390376244419972,6.4048349338439055,0.0012853673903698848,0.005211680644245755,1.3572069670796592e-05,0,0,62,4913.401737930506,1226.1642031876265,471912.9130043718,478052.4789454899,phi,geometry
off0000,0,0.0,nan,1.045955485551239e-06,1,37,0,0,12,1.000642683695185,0.0026041666666666665,0.31510416666666663,0.09955690013652503,0.2001093692744153,0.05451279228398854,1.969116110523727,0.05451279228398854,0.0,0.0,1.8474772649678597,-0.6233505958878635,-0.2751000668069939,1.45275600153639,6.240733577719819,6.261949762973369,6.391841579381511,6.4045407910768875,0.0012853673903698848,0.005211680644245755,1.3572069670796448e-05,0,0,60,4914.130078747133,1226.4453668009721,471891.2403505994,478031.8157961475,phi,geometry
off0000,0,0.0,nan,1.0459658205113217e-06,1,37,0,0,15,1.000642683695185,0.0026041666666666665,0.33072916666666663,0.09955690013652503,0.2001093692744153,0.05451279228398854,1.9686494081862538,0.05451279228398854,0.0,0.0,1.8491023232576023,-0.6445858475413889,-0.20226264021013482,1.45275600153639,6.239254454709905,6.2601304473087485,6.389290767086099,6.404502538449641,0.0012853673903698848,0.005211680644245755,1.3572069670796448e-05,0,0,63,4912.714673565508,1225.9559253962636,471888.42186910217,478027.09246806393,phi,geometry
off0000,0,0.0,nan,1.0460563046287446e-06,1,37,0,0,11,1.000642683695185,0.0026041666666666665,0.3098958333333333,0.09955690013652503,0.2001093692744153,0.05451279228398854,1.969092275070914,0.05451279228398854,0.0,0.0,1.8467112617718784,-0.6144995832782524,-0.2989517779504245,1.45275600153639,6.240658035851102,6.261998942889138,6.392214300163995,6.403913998124036,0.0012853673903698848,0.005211680644245755,1.3572069670796592e-05,0,0,59,4914.1683401159335,1226.516883228767,471845.05778831354,477985.74301165825,phi,geometry
off0000,0,0.0,nan,1.046073258638906e-06,1,193,0,0,0,1.000642683695185,0.0026041666666666665,0.3359375,0.09955690013652503,0.2001093692744153,0.05451279228398854,1.9683166553195017,0.05451279228398854,0.0,0.0,1.8494199454018907,-0.6498822814814376,-0.17767763329777791,1.45275600153639,6.238199858702323,6.258973981750927,6.387975204474677,6.40385183687397,0.0012853673903698848,0.005211680644245755,1.3572069670796448e-05,0,0,64,4911.814957603763,1225.703499604811,471840.47770204034,477977.9961592489,phi,geometry
off0000,0,0.0,nan,1.046209144002338e-06,1,37,0,0,10,1.000642683695185,0.0026041666666666665,0.3046875,0.09955690013652503,0.2001093692744153,0.05451279228398854,1.968978005516912,0.05451279228398854,0.0,0.0,1.845833450480596,-0.6047713507155378,-0.322528871033212,1.45275600153639,6.240295880547634,6.261767052292013,6.392342690130608,6.402968397271672,0.0012853673903698848,0.005211680644245755,1.3572069670796448e-05,0,0,58,4913.987932087178,1226.5415182698173,471775.3852272943,477915.9146776513,phi,geometry
off0000,0,0.0,nan,1.046232313486076e-06,1,193,0,0,1,1.000642683695185,0.0026041666666666665,0.3411458333333333,0.09955690013652503,0.2001093692744153,0.05451279228398854,1.9678967848418065,0.05451279228398854,0.0,0.0,1.8496261285200952,-0.6542873525588782,-0.1530000025097327,1.45275600153639,6.23686916023592,6.25754726296323,6.386433649642344,6.402884698285848,0.0012853673903698848,0.005211680644245755,1.3572069670796592e-05,0,0,65,4910.70498795743,1225.4077111754036,471769.21822491946,477905.3309240523,phi,geometry
off0000,0,0.0,nan,1.0464137875021626e-06,1,37,0,0,9,1.000642683695185,0.0026041666666666665,0.29947916666666663,0.09955690013652503,0.2001093692744153,0.05451279228398854,1.968773092534516,0.05451279228398854,0.0,0.0,1.8448443322478862,-0.5941739920465827,-0.3457949491189833,1.45275600153639,6.2396464483872265,6.261253345511311,6.392223789840657,6.401705626405704,0.0012853673903698848,0.005211680644245755,1.3572069670796448e-05,0,0,57,4913.588274538253,1226.518704076457,471682.3433481559,477822.4503267706,phi,geometry
off0000,0,0.0,nan,1.0464426130470465e-06,1,193,0,0,2,1.000642683695185,0.0026041666666666665,0.34635416666666663,0.09955690013652503,0.2001093692744153,0.05451279228398854,1.9673908946082108,0.05451279228398854,0.0,0.0,1.8497215001512404,-0.6578033756309138,-0.1282654399053609,1.45275600153639,6.235265838750422,6.255853811964814,6.384670381544034,6.401603671501757,0.0012853673903698848,0.005211680644245755,1.3572069670796448e-05,0,0,66,4909.387503936049,1225.069381139726,471674.8312364132,477809.288121489,phi,geometry
